

Microchip MPLAB XC8 Assembler V3.10 build 20250813170317 
                                                                                               Fri Jun  5 22:04:12 2026

Microchip MPLAB XC8 C Compiler v3.10 (Free license) build 20250813170317 Og1 
     1                           	processor	16F873A
     2                           	pagewidth 120
     3                           	opt	flic
     4                           	psect	idataBANK0,global,class=CODE,space=0,delta=2,noexec
     5                           	psect	strings,global,class=STRING,space=0,delta=2,noexec
     6                           	psect	cinit,global,class=CODE,space=0,merge=1,delta=2
     7                           	psect	bssBANK0,global,class=BANK0,space=1,delta=1,noexec
     8                           	psect	dataBANK0,global,class=BANK0,space=1,delta=1,noexec
     9                           	psect	bssBANK1,global,class=BANK1,space=1,delta=1,noexec
    10                           	psect	clrtext,global,class=CODE,space=0,delta=2
    11                           	psect	cstackCOMMON,global,class=COMMON,space=1,delta=1,noexec
    12                           	psect	cstackBANK0,global,class=BANK0,space=1,delta=1,noexec
    13                           	psect	maintext,global,class=CODE,space=0,split=1,delta=2
    14                           	psect	text1,local,class=CODE,space=0,merge=1,delta=2
    15                           	psect	text2,local,class=CODE,space=0,merge=1,delta=2,group=1
    16                           	psect	text3,local,class=CODE,space=0,merge=1,delta=2
    17                           	psect	text4,local,class=CODE,space=0,merge=1,delta=2
    18                           	psect	text5,local,class=CODE,space=0,merge=1,delta=2
    19                           	psect	text6,local,class=CODE,space=0,merge=1,delta=2,group=2
    20                           	psect	text7,local,class=CODE,space=0,merge=1,delta=2,group=1
    21                           	psect	text8,local,class=CODE,space=0,merge=1,delta=2
    22                           	psect	text9,local,class=CODE,space=0,merge=1,delta=2
    23                           	psect	intentry,global,class=CODE,space=0,delta=2
    24                           	psect	config,global,abs,ovrld,class=CONFIG,space=4,delta=2,noexec
    25                           	dabs	1,0x7E,2
    26     0000                     
    27                           ; Generated 26/03/2025 GMT
    28                           ; 
    29                           ; Copyright © 2025, Microchip Technology Inc. and its subsidiaries ("Microchip")
    30                           ; All rights reserved.
    31                           ; 
    32                           ; This software is developed by Microchip Technology Inc. and its subsidiaries ("Microch
      +                          ip").
    33                           ; 
    34                           ; Redistribution and use in source and binary forms, with or without modification, are
    35                           ; permitted provided that the following conditions are met:
    36                           ; 
    37                           ;     1. Redistributions of source code must retain the above copyright notice, this lis
      +                          t of
    38                           ;        conditions and the following disclaimer.
    39                           ; 
    40                           ;     2. Redistributions in binary form must reproduce the above copyright notice, this 
      +                          list
    41                           ;        of conditions and the following disclaimer in the documentation and/or other
    42                           ;        materials provided with the distribution. Publication is not required when
    43                           ;        this file is used in an embedded application.
    44                           ; 
    45                           ;     3. Microchip's name may not be used to endorse or promote products derived from th
      +                          is
    46                           ;        software without specific prior written permission.
    47                           ; 
    48                           ; THIS SOFTWARE IS PROVIDED BY MICROCHIP "AS IS" AND ANY EXPRESS OR IMPLIED WARRANTIES,
    49                           ; INCLUDING, BUT NOT LIMITED TO, THE IMPLIED WARRANTIES OF MERCHANTABILITY AND FITNESS F
      +                          OR
    50                           ; PURPOSE ARE DISCLAIMED.  IN NO EVENT SHALL MICROCHIP BE LIABLE FOR ANY DIRECT, INDIREC
      +                          T,
    51                           ; INCIDENTAL, SPECIAL, EXEMPLARY, OR CONSEQUENTIAL DAMAGES (INCLUDING BUT NOT LIMITED TO
    52                           ; PROCUREMENT OF SUBSTITUTE GOODS OR SERVICES; LOSS OF USE, DATA OR PROFITS; OR BUSINESS
    53                           ; INTERRUPTION) HOWSOEVER CAUSED AND ON ANY THEORY OF LIABILITY, WHETHER IN CONTRACT, ST
      +                          RICT
    54                           ; LIABILITY, OR TORT (INCLUDING NEGLIGENCE OR OTHERWISE) ARISING IN ANY WAY OUT OF THE U
      +                          SE OF
    55                           ; THIS SOFTWARE, EVEN IF ADVISED OF THE POSSIBILITY OF SUCH DAMAGE.
    56                           ; 
    57                           ; 
    58                           ; Code-generator required, PIC16F873A Definitions
    59                           ; 
    60                           ; SFR Addresses
    61     0004                     fsr             equ	4
    62     0004                     fsr0            equ	4
    63     0000                     indf            equ	0
    64     0000                     indf0           equ	0
    65     0002                     pc              equ	2
    66     0002                     pcl             equ	2
    67     000A                     pclath          equ	10
    68     0003                     status          equ	3
    69     0000                     INDF            equ	0	;# 
    70     0001                     TMR0            equ	1	;# 
    71     0002                     PCL             equ	2	;# 
    72     0003                     STATUS          equ	3	;# 
    73     0004                     FSR             equ	4	;# 
    74     0005                     PORTA           equ	5	;# 
    75     0006                     PORTB           equ	6	;# 
    76     0007                     PORTC           equ	7	;# 
    77     000A                     PCLATH          equ	10	;# 
    78     000B                     INTCON          equ	11	;# 
    79     000C                     PIR1            equ	12	;# 
    80     000D                     PIR2            equ	13	;# 
    81     000E                     TMR1            equ	14	;# 
    82     000E                     TMR1L           equ	14	;# 
    83     000F                     TMR1H           equ	15	;# 
    84     0010                     T1CON           equ	16	;# 
    85     0011                     TMR2            equ	17	;# 
    86     0012                     T2CON           equ	18	;# 
    87     0013                     SSPBUF          equ	19	;# 
    88     0014                     SSPCON          equ	20	;# 
    89     0015                     CCPR1           equ	21	;# 
    90     0015                     CCPR1L          equ	21	;# 
    91     0016                     CCPR1H          equ	22	;# 
    92     0017                     CCP1CON         equ	23	;# 
    93     0018                     RCSTA           equ	24	;# 
    94     0019                     TXREG           equ	25	;# 
    95     001A                     RCREG           equ	26	;# 
    96     001B                     CCPR2           equ	27	;# 
    97     001B                     CCPR2L          equ	27	;# 
    98     001C                     CCPR2H          equ	28	;# 
    99     001D                     CCP2CON         equ	29	;# 
   100     001E                     ADRESH          equ	30	;# 
   101     001F                     ADCON0          equ	31	;# 
   102     0081                     OPTION_REG      equ	129	;# 
   103     0085                     TRISA           equ	133	;# 
   104     0086                     TRISB           equ	134	;# 
   105     0087                     TRISC           equ	135	;# 
   106     008C                     PIE1            equ	140	;# 
   107     008D                     PIE2            equ	141	;# 
   108     008E                     PCON            equ	142	;# 
   109     0091                     SSPCON2         equ	145	;# 
   110     0092                     PR2             equ	146	;# 
   111     0093                     SSPADD          equ	147	;# 
   112     0094                     SSPSTAT         equ	148	;# 
   113     0098                     TXSTA           equ	152	;# 
   114     0099                     SPBRG           equ	153	;# 
   115     009C                     CMCON           equ	156	;# 
   116     009D                     CVRCON          equ	157	;# 
   117     009E                     ADRESL          equ	158	;# 
   118     009F                     ADCON1          equ	159	;# 
   119     010C                     EEDATA          equ	268	;# 
   120     010D                     EEADR           equ	269	;# 
   121     010E                     EEDATH          equ	270	;# 
   122     010F                     EEADRH          equ	271	;# 
   123     018C                     EECON1          equ	396	;# 
   124     018D                     EECON2          equ	397	;# 
   125     0000                     INDF            equ	0	;# 
   126     0001                     TMR0            equ	1	;# 
   127     0002                     PCL             equ	2	;# 
   128     0003                     STATUS          equ	3	;# 
   129     0004                     FSR             equ	4	;# 
   130     0005                     PORTA           equ	5	;# 
   131     0006                     PORTB           equ	6	;# 
   132     0007                     PORTC           equ	7	;# 
   133     000A                     PCLATH          equ	10	;# 
   134     000B                     INTCON          equ	11	;# 
   135     000C                     PIR1            equ	12	;# 
   136     000D                     PIR2            equ	13	;# 
   137     000E                     TMR1            equ	14	;# 
   138     000E                     TMR1L           equ	14	;# 
   139     000F                     TMR1H           equ	15	;# 
   140     0010                     T1CON           equ	16	;# 
   141     0011                     TMR2            equ	17	;# 
   142     0012                     T2CON           equ	18	;# 
   143     0013                     SSPBUF          equ	19	;# 
   144     0014                     SSPCON          equ	20	;# 
   145     0015                     CCPR1           equ	21	;# 
   146     0015                     CCPR1L          equ	21	;# 
   147     0016                     CCPR1H          equ	22	;# 
   148     0017                     CCP1CON         equ	23	;# 
   149     0018                     RCSTA           equ	24	;# 
   150     0019                     TXREG           equ	25	;# 
   151     001A                     RCREG           equ	26	;# 
   152     001B                     CCPR2           equ	27	;# 
   153     001B                     CCPR2L          equ	27	;# 
   154     001C                     CCPR2H          equ	28	;# 
   155     001D                     CCP2CON         equ	29	;# 
   156     001E                     ADRESH          equ	30	;# 
   157     001F                     ADCON0          equ	31	;# 
   158     0081                     OPTION_REG      equ	129	;# 
   159     0085                     TRISA           equ	133	;# 
   160     0086                     TRISB           equ	134	;# 
   161     0087                     TRISC           equ	135	;# 
   162     008C                     PIE1            equ	140	;# 
   163     008D                     PIE2            equ	141	;# 
   164     008E                     PCON            equ	142	;# 
   165     0091                     SSPCON2         equ	145	;# 
   166     0092                     PR2             equ	146	;# 
   167     0093                     SSPADD          equ	147	;# 
   168     0094                     SSPSTAT         equ	148	;# 
   169     0098                     TXSTA           equ	152	;# 
   170     0099                     SPBRG           equ	153	;# 
   171     009C                     CMCON           equ	156	;# 
   172     009D                     CVRCON          equ	157	;# 
   173     009E                     ADRESL          equ	158	;# 
   174     009F                     ADCON1          equ	159	;# 
   175     010C                     EEDATA          equ	268	;# 
   176     010D                     EEADR           equ	269	;# 
   177     010E                     EEDATH          equ	270	;# 
   178     010F                     EEADRH          equ	271	;# 
   179     018C                     EECON1          equ	396	;# 
   180     018D                     EECON2          equ	397	;# 
   181                           
   182                           	psect	idataBANK0
   183     0349                     __pidataBANK0:
   184                           
   185                           ;initializer for _btn_armed
   186     0349  3401               	retlw	1
   187     034A  3401               	retlw	1
   188     034B  3401               	retlw	1
   189     034C  3401               	retlw	1
   190     0018                     _RCSTA          set	24
   191     0007                     _PORTC          set	7
   192     0005                     _PORTA          set	5
   193     0006                     _PORTB          set	6
   194     001A                     _RCREG          set	26
   195     0018                     _RCSTAbits      set	24
   196     0001                     _TMR0           set	1
   197     000B                     _INTCONbits     set	11
   198     0019                     _TXREG          set	25
   199     000C                     _PIR1bits       set	12
   200     008C                     _PIE1bits       set	140
   201     0081                     _OPTION_REG     set	129
   202     0098                     _TXSTA          set	152
   203     0099                     _SPBRG          set	153
   204     009F                     _ADCON1         set	159
   205     0087                     _TRISC          set	135
   206     0086                     _TRISB          set	134
   207     0085                     _TRISA          set	133
   208                           
   209                           	psect	strings
   210     0300                     __pstrings:
   211     0300                     stringtab:
   212     0300                     __stringtab:
   213     0300                     stringcode:	
   214                           ;	String table - string pointers are 1 byte each
   215                           
   216     0300                     stringdir:
   217     0300  3003               	movlw	high stringdir
   218     0301  008A               	movwf	10
   219     0302  0804               	movf	4,w
   220     0303  0A84               	incf	4,f
   221     0304  0782               	addwf	2,f
   222     0305                     __stringbase:
   223     0305  3400               	retlw	0
   224     0306                     __end_of__stringtab:
   225     0306                     STR_3:
   226     0306  3446               	retlw	70	;'F'
   227     0307  3431               	retlw	49	;'1'
   228     0308  3430               	retlw	48	;'0'
   229     0309  3430               	retlw	48	;'0'
   230     030A  340A               	retlw	10
   231     030B  3400               	retlw	0
   232     030C                     STR_1:
   233     030C  344D               	retlw	77	;'M'
   234     030D  342B               	retlw	43	;'+'
   235     030E  3431               	retlw	49	;'1'
   236     030F  340A               	retlw	10
   237     0310  3400               	retlw	0
   238     0311                     STR_2:
   239     0311  344D               	retlw	77	;'M'
   240     0312  342D               	retlw	45	;'-'
   241     0313  3431               	retlw	49	;'1'
   242     0314  340A               	retlw	10
   243     0315  3400               	retlw	0
   244     0316                     STR_4:
   245     0316  3446               	retlw	70	;'F'
   246     0317  3430               	retlw	48	;'0'
   247     0318  340A               	retlw	10
   248     0319  3400               	retlw	0
   249     031A                     STR_5:
   250     031A  3452               	retlw	82	;'R'
   251     031B  340A               	retlw	10
   252     031C  3400               	retlw	0
   253                           
   254                           	psect	cinit
   255     0011                     start_initialization:	
   256                           ; #config settings
   257                           
   258     0011                     __initialization:
   259                           
   260                           ; Initialize objects allocated to BANK0
   261     0011  118A  2349  118A   	fcall	__pidataBANK0	;fetch initializer
   262     0014  00F5               	movwf	__pdataBANK0& (0+127)
   263     0015  118A  234A  118A   	fcall	__pidataBANK0+1	;fetch initializer
   264     0018  00F6               	movwf	(__pdataBANK0+1)& (0+127)
   265     0019  118A  234B  118A   	fcall	__pidataBANK0+2	;fetch initializer
   266     001C  00F7               	movwf	(__pdataBANK0+2)& (0+127)
   267     001D  118A  234C  118A   	fcall	__pidataBANK0+3	;fetch initializer
   268     0020  00F8               	movwf	(__pdataBANK0+3)& (0+127)
   269                           
   270                           ; Clear objects allocated to BANK1
   271     0021  1383               	bcf	3,7	;select IRP bank0
   272     0022  30A0               	movlw	low __pbssBANK1
   273     0023  0084               	movwf	4
   274     0024  30D8               	movlw	low (__pbssBANK1+56)
   275     0025  118A  2341  118A   	fcall	clear_ram0
   276                           
   277                           ; Clear objects allocated to BANK0
   278     0028  306B               	movlw	low __pbssBANK0
   279     0029  0084               	movwf	4
   280     002A  3075               	movlw	low (__pbssBANK0+10)
   281     002B  118A  2341  118A   	fcall	clear_ram0
   282     002E                     end_of_initialization:	
   283                           ;End of C runtime variable initialization code
   284                           
   285     002E                     __end_of__initialization:
   286     002E  0183               	clrf	3
   287     002F  118A  2831         	ljmp	_main	;jump to C main() function
   288                           
   289                           	psect	bssBANK0
   290     006B                     __pbssBANK0:
   291     006B                     _btn_cnt:
   292     006B                     	ds	4
   293     006F                     _rx_ready:
   294     006F                     	ds	1
   295     0070                     _rx_len:
   296     0070                     	ds	1
   297     0071                     _adc_timer:
   298     0071                     	ds	1
   299     0072                     _adc_ch:
   300     0072                     	ds	1
   301     0073                     _fan_on:
   302     0073                     	ds	1
   303     0074                     _tick:
   304     0074                     	ds	1
   305                           
   306                           	psect	dataBANK0
   307     0075                     __pdataBANK0:
   308     0075                     _btn_armed:
   309     0075                     	ds	4
   310                           
   311                           	psect	bssBANK1
   312     00A0                     __pbssBANK1:
   313     00A0                     _rx_buf:
   314     00A0                     	ds	48
   315     00D0                     _adc_mv:
   316     00D0                     	ds	8
   317                           
   318                           	psect	clrtext
   319     0341                     clear_ram0:	
   320                           ;	Called with FSR containing the base address, and
   321                           ;	W with the last address+1
   322                           
   323     0341  0064               	clrwdt	;clear the watchdog before getting into this loop
   324     0342                     clrloop0:
   325     0342  0180               	clrf	0	;clear RAM location pointed to by FSR
   326     0343  0A84               	incf	4,f	;increment pointer
   327     0344  0604               	xorwf	4,w	;XOR with final address
   328     0345  1903               	btfsc	3,2	;have we reached the end yet?
   329     0346  3400               	retlw	0	;all done for this memory range, return
   330     0347  0604               	xorwf	4,w	;XOR again to restore value
   331     0348  2B42               	goto	clrloop0	;do the next byte
   332                           
   333                           	psect	cstackCOMMON
   334     0000                     __pcstackCOMMON:
   335     0000                     ??_uart_putc:
   336     0000                     ??_uart_puts:	
   337                           ; 1 bytes @ 0x0
   338                           
   339     0000                     ??_init:	
   340                           ; 1 bytes @ 0x0
   341                           
   342     0000                     ??___wmul:	
   343                           ; 1 bytes @ 0x0
   344                           
   345     0000                     ??___lwdiv:	
   346                           ; 1 bytes @ 0x0
   347                           
   348                           
   349                           	psect	cstackBANK0
   350     0020                     __pcstackBANK0:	
   351                           ; 1 bytes @ 0x0
   352                           
   353     0020                     ?_uart_putc:
   354     0020                     ?_isr:	
   355                           ; 1 bytes @ 0x0
   356                           
   357     0020                     ?_parse_response:	
   358                           ; 1 bytes @ 0x0
   359                           
   360     0020                     ?_update_leds:	
   361                           ; 1 bytes @ 0x0
   362                           
   363     0020                     ?_init:	
   364                           ; 1 bytes @ 0x0
   365                           
   366     0020                     ?_main:	
   367                           ; 1 bytes @ 0x0
   368                           
   369     0020                     ??_isr:	
   370                           ; 1 bytes @ 0x0
   371                           
   372                           
   373                           ; 1 bytes @ 0x0
   374     0020                     	ds	3
   375     0023                     isr@c:
   376                           
   377                           ; 1 bytes @ 0x3
   378     0023                     	ds	1
   379     0024                     ?___wmul:
   380     0024                     ?___lwdiv:	
   381                           ; 2 bytes @ 0x4
   382                           
   383     0024                     uart_putc@c:	
   384                           ; 2 bytes @ 0x4
   385                           
   386     0024                     ___wmul@multiplier:	
   387                           ; 1 bytes @ 0x4
   388                           
   389     0024                     ___lwdiv@divisor:	
   390                           ; 2 bytes @ 0x4
   391                           
   392                           
   393                           ; 2 bytes @ 0x4
   394     0024                     	ds	1
   395     0025                     ?_uart_puts:
   396     0025                     uart_puts@s:	
   397                           ; 1 bytes @ 0x5
   398                           
   399                           
   400                           ; 1 bytes @ 0x5
   401     0025                     	ds	1
   402     0026                     ___wmul@multiplicand:
   403     0026                     ___lwdiv@dividend:	
   404                           ; 2 bytes @ 0x6
   405                           
   406                           
   407                           ; 2 bytes @ 0x6
   408     0026                     	ds	2
   409     0028                     ___wmul@product:
   410     0028                     ___lwdiv@quotient:	
   411                           ; 2 bytes @ 0x8
   412                           
   413                           
   414                           ; 2 bytes @ 0x8
   415     0028                     	ds	2
   416     002A                     ?_atoi:
   417     002A                     ___lwdiv@counter:	
   418                           ; 2 bytes @ 0xA
   419                           
   420     002A                     atoi@s:	
   421                           ; 1 bytes @ 0xA
   422                           
   423                           
   424                           ; 1 bytes @ 0xA
   425     002A                     	ds	1
   426     002B                     ??_update_leds:
   427                           
   428                           ; 1 bytes @ 0xB
   429     002B                     	ds	1
   430     002C                     update_leds@mv:
   431     002C                     ??_atoi:	
   432                           ; 2 bytes @ 0xC
   433                           
   434                           
   435                           ; 1 bytes @ 0xC
   436     002C                     	ds	2
   437     002E                     update_leds@pattern:
   438     002E                     atoi@neg:	
   439                           ; 1 bytes @ 0xE
   440                           
   441                           
   442                           ; 1 bytes @ 0xE
   443     002E                     	ds	1
   444     002F                     update_leds@bars:
   445     002F                     atoi@n:	
   446                           ; 1 bytes @ 0xF
   447                           
   448                           
   449                           ; 2 bytes @ 0xF
   450     002F                     	ds	1
   451     0030                     update_leds@i:
   452                           
   453                           ; 1 bytes @ 0x10
   454     0030                     	ds	1
   455     0031                     ??_parse_response:
   456                           
   457                           ; 1 bytes @ 0x11
   458     0031                     	ds	1
   459     0032                     parse_response@local:
   460                           
   461                           ; 48 bytes @ 0x12
   462     0032                     	ds	48
   463     0062                     parse_response@len:
   464                           
   465                           ; 1 bytes @ 0x42
   466     0062                     	ds	1
   467     0063                     parse_response@i:
   468                           
   469                           ; 1 bytes @ 0x43
   470     0063                     	ds	1
   471     0064                     parse_response@ch:
   472                           
   473                           ; 1 bytes @ 0x44
   474     0064                     	ds	1
   475     0065                     parse_response@p:
   476                           
   477                           ; 1 bytes @ 0x45
   478     0065                     	ds	1
   479     0066                     ??_main:
   480                           
   481                           ; 1 bytes @ 0x46
   482     0066                     	ds	1
   483     0067                     main@bit:
   484                           
   485                           ; 1 bytes @ 0x47
   486     0067                     	ds	1
   487     0068                     main@raw:
   488                           
   489                           ; 1 bytes @ 0x48
   490     0068                     	ds	1
   491     0069                     _main$239:
   492                           
   493                           ; 1 bytes @ 0x49
   494     0069                     	ds	1
   495     006A                     main@i:
   496                           
   497                           ; 1 bytes @ 0x4A
   498     006A                     	ds	1
   499                           
   500                           	psect	maintext
   501     0031                     __pmaintext:	
   502 ;;
   503 ;;Main: autosize = 0, tempsize = 1, incstack = 0, save=0
   504 ;;
   505 ;; *************** function _main *****************
   506 ;; Defined at:
   507 ;;		line 220 in file "main.c"
   508 ;; Parameters:    Size  Location     Type
   509 ;;		None
   510 ;; Auto vars:     Size  Location     Type
   511 ;;  bit             1   71[BANK0 ] unsigned char 
   512 ;;  i               1   74[BANK0 ] unsigned char 
   513 ;;  raw             1   72[BANK0 ] unsigned char 
   514 ;; Return value:  Size  Location     Type
   515 ;;                  1    wreg      void 
   516 ;; Registers used:
   517 ;;		wreg, fsr0l, fsr0h, status,2, status,0, pclath, cstack
   518 ;; Tracked objects:
   519 ;;		On entry : B00/0
   520 ;;		On exit  : 0/0
   521 ;;		Unchanged: 0/0
   522 ;; Data sizes:     COMMON   BANK0   BANK1
   523 ;;      Params:         0       0       0
   524 ;;      Locals:         0       4       0
   525 ;;      Temps:          0       1       0
   526 ;;      Totals:         0       5       0
   527 ;;Total ram usage:        5 bytes
   528 ;; Hardware stack levels required when called: 4
   529 ;; This function calls:
   530 ;;		_init
   531 ;;		_parse_response
   532 ;;		_uart_puts
   533 ;;		_update_leds
   534 ;; This function is called by:
   535 ;;		Startup code after reset
   536 ;; This function uses a non-reentrant model
   537 ;;
   538                           
   539     0031                     _main:	
   540                           ;psect for function _main
   541                           
   542     0031                     l1191:	
   543                           ;incstack = 0
   544                           ; Regs used in _main: [wreg-fsr0h+status,2+status,0+pclath+cstack]
   545                           
   546                           
   547                           ;main.c: 222:     init();
   548     0031  118A  22A4  118A   	fcall	_init
   549     0034                     l1193:
   550                           
   551                           ;main.c: 225:     {;main.c: 227:         if (rx_ready)
   552     0034  1283               	bcf	3,5	;RP0=0, select bank0
   553     0035  1303               	bcf	3,6	;RP1=0, select bank0
   554     0036  086F               	movf	_rx_ready,w	;volatile
   555     0037  1903               	btfsc	3,2
   556     0038  283A               	goto	u931
   557     0039  283B               	goto	u930
   558     003A                     u931:
   559     003A  2842               	goto	l1201
   560     003B                     u930:
   561     003B                     l1195:
   562                           
   563                           ;main.c: 228:         {;main.c: 229:             rx_ready = 0u;
   564     003B  01EF               	clrf	_rx_ready	;volatile
   565     003C                     l1197:
   566                           
   567                           ;main.c: 230:             parse_response();
   568     003C  118A  20E9  118A   	fcall	_parse_response
   569     003F                     l1199:
   570                           
   571                           ;main.c: 231:             update_leds();
   572     003F  118A  2267  118A   	fcall	_update_leds
   573     0042                     l1201:
   574                           
   575                           ;main.c: 234:         if (!tick) continue;
   576     0042  1283               	bcf	3,5	;RP0=0, select bank0
   577     0043  1303               	bcf	3,6	;RP1=0, select bank0
   578     0044  0874               	movf	_tick,w	;volatile
   579     0045  1D03               	btfss	3,2
   580     0046  2848               	goto	u941
   581     0047  2849               	goto	u940
   582     0048                     u941:
   583     0048  284A               	goto	l1205
   584     0049                     u940:
   585     0049  2834               	goto	l1193
   586     004A                     l1205:
   587                           
   588                           ;main.c: 235:         tick = 0u;
   589     004A  01F4               	clrf	_tick	;volatile
   590     004B                     l1207:
   591                           
   592                           ;main.c: 239:         uint8_t raw = (uint8_t)(~PORTA) & 0x0Fu;
   593     004B  0905               	comf	5,w	;volatile
   594     004C  00E8               	movwf	main@raw
   595     004D                     l1209:
   596     004D  300F               	movlw	15
   597     004E  05E8               	andwf	main@raw,f
   598     004F                     l1211:
   599                           
   600                           ;main.c: 241:         for (uint8_t i = 0u; i < 4u; i++)
   601     004F  01EA               	clrf	main@i
   602     0050                     l1213:
   603     0050  3004               	movlw	4
   604     0051  026A               	subwf	main@i,w
   605     0052  1C03               	skipc
   606     0053  2855               	goto	u951
   607     0054  2856               	goto	u950
   608     0055                     u951:
   609     0055  2857               	goto	l1217
   610     0056                     u950:
   611     0056  28D8               	goto	l1253
   612     0057                     l1217:
   613                           
   614                           ;main.c: 242:         {;main.c: 243:             uint8_t bit = (uint8_t)(1u << i);
   615     0057  3001               	movlw	1
   616     0058  00E6               	movwf	??_main
   617     0059  0A6A               	incf	main@i,w
   618     005A  285D               	goto	u964
   619     005B                     u965:
   620     005B  1003               	clrc
   621     005C  0DE6               	rlf	??_main,f
   622     005D                     u964:
   623     005D  3EFF               	addlw	-1
   624     005E  1D03               	skipz
   625     005F  285B               	goto	u965
   626     0060  0866               	movf	??_main,w
   627     0061  00E7               	movwf	main@bit
   628                           
   629                           ;main.c: 245:             if (raw & bit)
   630     0062  0868               	movf	main@raw,w
   631     0063  0567               	andwf	main@bit,w
   632     0064  1903               	btfsc	3,2
   633     0065  2867               	goto	u971
   634     0066  2868               	goto	u970
   635     0067                     u971:
   636     0067  2878               	goto	l1223
   637     0068                     u970:
   638     0068                     l1219:
   639                           
   640                           ;main.c: 246:             {;main.c: 247:                 if (btn_cnt[i] < 3u)
   641     0068  086A               	movf	main@i,w
   642     0069  3E6B               	addlw	(low (_btn_cnt| 0))& (0+255)
   643     006A  0084               	movwf	4
   644     006B  3003               	movlw	3
   645     006C  1383               	bcf	3,7	;select IRP bank0
   646     006D  0200               	subwf	0,w
   647     006E  1803               	skipnc
   648     006F  2871               	goto	u981
   649     0070  2872               	goto	u980
   650     0071                     u981:
   651     0071  2882               	goto	l128
   652     0072                     u980:
   653     0072                     l1221:
   654                           
   655                           ;main.c: 248:                     btn_cnt[i]++;
   656     0072  086A               	movf	main@i,w
   657     0073  3E6B               	addlw	(low (_btn_cnt| 0))& (0+255)
   658     0074  0084               	movwf	4
   659     0075  3001               	movlw	1
   660     0076  0780               	addwf	0,f
   661     0077  2882               	goto	l128
   662     0078                     l1223:
   663                           
   664                           ;main.c: 251:             {;main.c: 252:                 btn_cnt[i] = 0u;
   665     0078  086A               	movf	main@i,w
   666     0079  3E6B               	addlw	(low (_btn_cnt| 0))& (0+255)
   667     007A  0084               	movwf	4
   668     007B  1383               	bcf	3,7	;select IRP bank0
   669     007C  0180               	clrf	0
   670                           
   671                           ;main.c: 253:                 btn_armed[i] = 1u;
   672     007D  086A               	movf	main@i,w
   673     007E  3E75               	addlw	(low (_btn_armed| 0))& (0+255)
   674     007F  0084               	movwf	4
   675     0080  3001               	movlw	1
   676     0081  0080               	movwf	0
   677     0082                     l128:	
   678                           ;main.c: 254:             }
   679                           
   680                           
   681                           ;main.c: 256:             if (btn_cnt[i] == 3u && btn_armed[i])
   682     0082  086A               	movf	main@i,w
   683     0083  3E6B               	addlw	(low (_btn_cnt| 0))& (0+255)
   684     0084  0084               	movwf	4
   685     0085  3003               	movlw	3
   686     0086  0600               	xorwf	0,w
   687     0087  1D03               	btfss	3,2
   688     0088  288A               	goto	u991
   689     0089  288B               	goto	u990
   690     008A                     u991:
   691     008A  28D3               	goto	l1249
   692     008B                     u990:
   693     008B                     l1225:
   694     008B  086A               	movf	main@i,w
   695     008C  3E75               	addlw	(low (_btn_armed| 0))& (0+255)
   696     008D  0084               	movwf	4
   697     008E  0800               	movf	0,w
   698     008F  1903               	btfsc	3,2
   699     0090  2892               	goto	u1001
   700     0091  2893               	goto	u1000
   701     0092                     u1001:
   702     0092  28D3               	goto	l1249
   703     0093                     u1000:
   704     0093                     l1227:
   705                           
   706                           ;main.c: 257:             {;main.c: 258:                 btn_armed[i] = 0u;
   707     0093  086A               	movf	main@i,w
   708     0094  3E75               	addlw	(low (_btn_armed| 0))& (0+255)
   709     0095  0084               	movwf	4
   710     0096  0180               	clrf	0
   711                           
   712                           ;main.c: 260:                 switch (i)
   713     0097  28C5               	goto	l1247
   714     0098                     l1229:
   715                           
   716                           ;main.c: 263:                         uart_puts("M+1\n");
   717     0098  3007               	movlw	(low ((STR_1-__stringbase)| (0+32768)))& (0+255)
   718     0099  00A5               	movwf	uart_puts@s
   719     009A  118A  231D  118A   	fcall	_uart_puts
   720                           
   721                           ;main.c: 264:                         break;
   722     009D  28D3               	goto	l1249
   723     009E                     l1231:
   724                           
   725                           ;main.c: 267:                         uart_puts("M-1\n");
   726     009E  300C               	movlw	(low ((STR_2-__stringbase)| (0+32768)))& (0+255)
   727     009F  00A5               	movwf	uart_puts@s
   728     00A0  118A  231D  118A   	fcall	_uart_puts
   729                           
   730                           ;main.c: 268:                         break;
   731     00A3  28D3               	goto	l1249
   732     00A4                     l1233:
   733                           
   734                           ;main.c: 271:                         fan_on = !fan_on;
   735     00A4  0873               	movf	_fan_on,w
   736     00A5  1903               	btfsc	3,2
   737     00A6  28A8               	goto	u1011
   738     00A7  28AA               	goto	u1010
   739     00A8                     u1011:
   740     00A8  3001               	movlw	1
   741     00A9  28AB               	goto	u1020
   742     00AA                     u1010:
   743     00AA  3000               	movlw	0
   744     00AB                     u1020:
   745     00AB  00F3               	movwf	_fan_on
   746                           
   747                           ;main.c: 272:                         uart_puts(fan_on ? "F100\n" : "F0\n");
   748     00AC  0873               	movf	_fan_on,w
   749     00AD  1D03               	btfss	3,2
   750     00AE  28B0               	goto	u1031
   751     00AF  28B1               	goto	u1030
   752     00B0                     u1031:
   753     00B0  28B4               	goto	l1237
   754     00B1                     u1030:
   755     00B1                     l1235:
   756     00B1  3011               	movlw	(low ((STR_4-__stringbase)| (0+32768)))& (0+255)
   757     00B2  00E9               	movwf	_main$239
   758     00B3  28B6               	goto	l1239
   759     00B4                     l1237:
   760     00B4  3001               	movlw	(low ((STR_3-__stringbase)| (0+32768)))& (0+255)
   761     00B5  00E9               	movwf	_main$239
   762     00B6                     l1239:
   763     00B6  0869               	movf	_main$239,w
   764     00B7  00A5               	movwf	uart_puts@s
   765     00B8  118A  231D  118A   	fcall	_uart_puts
   766                           
   767                           ;main.c: 273:                         break;
   768     00BB  28D3               	goto	l1249
   769     00BC                     l1241:
   770                           
   771                           ;main.c: 276:                         adc_ch = (adc_ch + 1u) & 0x03u;
   772     00BC  0872               	movf	_adc_ch,w
   773     00BD  3E01               	addlw	1
   774     00BE  00F2               	movwf	_adc_ch
   775     00BF  3003               	movlw	3
   776     00C0  05F2               	andwf	_adc_ch,f
   777     00C1                     l1243:
   778                           
   779                           ;main.c: 277:                         update_leds();
   780     00C1  118A  2267  118A   	fcall	_update_leds
   781                           
   782                           ;main.c: 278:                         break;
   783     00C4  28D3               	goto	l1249
   784     00C5                     l1247:
   785     00C5  086A               	movf	main@i,w
   786                           
   787                           ; Switch size 1, requested type "simple"
   788                           ; Number of cases is 4, Range of values is 0 to 3
   789                           ; switch strategies available:
   790                           ; Name         Instructions Cycles
   791                           ; simple_byte           13     7 (average)
   792                           ; direct_byte           15     7 (fixed)
   793                           ; jumptable            260     6 (fixed)
   794                           ;	Chosen strategy is simple_byte
   795     00C6  3A00               	xorlw	0	; case 0
   796     00C7  1903               	skipnz
   797     00C8  2898               	goto	l1229
   798     00C9  3A01               	xorlw	1	; case 1
   799     00CA  1903               	skipnz
   800     00CB  289E               	goto	l1231
   801     00CC  3A03               	xorlw	3	; case 2
   802     00CD  1903               	skipnz
   803     00CE  28A4               	goto	l1233
   804     00CF  3A01               	xorlw	1	; case 3
   805     00D0  1903               	skipnz
   806     00D1  28BC               	goto	l1241
   807     00D2  28D3               	goto	l1249
   808     00D3                     l1249:
   809                           
   810                           ;main.c: 283:         }
   811     00D3  3001               	movlw	1
   812     00D4  1283               	bcf	3,5	;RP0=0, select bank0
   813     00D5  1303               	bcf	3,6	;RP1=0, select bank0
   814     00D6  07EA               	addwf	main@i,f
   815     00D7  2850               	goto	l1213
   816     00D8                     l1253:
   817                           
   818                           ;main.c: 286:         if (++adc_timer >= 100u)
   819     00D8  3001               	movlw	1
   820     00D9  07F1               	addwf	_adc_timer,f
   821     00DA  3064               	movlw	100
   822     00DB  0271               	subwf	_adc_timer,w
   823     00DC  1C03               	skipc
   824     00DD  28DF               	goto	u1041
   825     00DE  28E0               	goto	u1040
   826     00DF                     u1041:
   827     00DF  2834               	goto	l1193
   828     00E0                     u1040:
   829     00E0                     l1255:
   830                           
   831                           ;main.c: 287:         {;main.c: 288:             adc_timer = 0u;
   832     00E0  01F1               	clrf	_adc_timer
   833     00E1                     l1257:
   834                           
   835                           ;main.c: 289:             uart_puts("R\n");
   836     00E1  3015               	movlw	(low ((STR_5-__stringbase)| (0+32768)))& (0+255)
   837     00E2  00A5               	movwf	uart_puts@s
   838     00E3  118A  231D  118A   	fcall	_uart_puts
   839     00E6  2834               	goto	l1193
   840     00E7  118A  280F         	ljmp	start
   841     00E9                     __end_of_main:
   842                           
   843                           	psect	text1
   844     0267                     __ptext1:	
   845 ;; *************** function _update_leds *****************
   846 ;; Defined at:
   847 ;;		line 174 in file "main.c"
   848 ;; Parameters:    Size  Location     Type
   849 ;;		None
   850 ;; Auto vars:     Size  Location     Type
   851 ;;  i               1   16[BANK0 ] unsigned char 
   852 ;;  mv              2   12[BANK0 ] unsigned short 
   853 ;;  bars            1   15[BANK0 ] unsigned char 
   854 ;;  pattern         1   14[BANK0 ] unsigned char 
   855 ;; Return value:  Size  Location     Type
   856 ;;                  1    wreg      void 
   857 ;; Registers used:
   858 ;;		wreg, fsr0l, fsr0h, status,2, status,0, pclath, cstack
   859 ;; Tracked objects:
   860 ;;		On entry : 0/0
   861 ;;		On exit  : 0/0
   862 ;;		Unchanged: 0/0
   863 ;; Data sizes:     COMMON   BANK0   BANK1
   864 ;;      Params:         0       0       0
   865 ;;      Locals:         0       5       0
   866 ;;      Temps:          0       1       0
   867 ;;      Totals:         0       6       0
   868 ;;Total ram usage:        6 bytes
   869 ;; Hardware stack levels used: 1
   870 ;; Hardware stack levels required when called: 2
   871 ;; This function calls:
   872 ;;		___lwdiv
   873 ;; This function is called by:
   874 ;;		_main
   875 ;; This function uses a non-reentrant model
   876 ;;
   877                           
   878     0267                     _update_leds:	
   879                           ;psect for function _update_leds
   880                           
   881     0267                     l1121:	
   882                           ;incstack = 0
   883                           ; Regs used in _update_leds: [wreg-fsr0h+status,2+status,0+pclath+cstack]
   884                           
   885                           
   886                           ;main.c: 176:     uint16_t mv = adc_mv[adc_ch];
   887     0267  1283               	bcf	3,5	;RP0=0, select bank0
   888     0268  1303               	bcf	3,6	;RP1=0, select bank0
   889     0269  0872               	movf	_adc_ch,w
   890     026A  00AB               	movwf	??_update_leds
   891     026B  072B               	addwf	??_update_leds,w
   892     026C  3ED0               	addlw	(low (_adc_mv| 0))& (0+255)
   893     026D  0084               	movwf	4
   894     026E  1383               	bcf	3,7	;select IRP bank1
   895     026F  0800               	movf	0,w
   896     0270  00AC               	movwf	update_leds@mv
   897     0271  0A84               	incf	4,f
   898     0272  0800               	movf	0,w
   899     0273  00AD               	movwf	update_leds@mv+1
   900     0274                     l1123:
   901                           
   902                           ;main.c: 178:     uint8_t bars = (uint8_t)(mv / 625u);
   903     0274  3071               	movlw	113
   904     0275  00A4               	movwf	___lwdiv@divisor
   905     0276  3002               	movlw	2
   906     0277  00A5               	movwf	___lwdiv@divisor+1
   907     0278  082D               	movf	update_leds@mv+1,w
   908     0279  00A7               	movwf	___lwdiv@dividend+1
   909     027A  082C               	movf	update_leds@mv,w
   910     027B  00A6               	movwf	___lwdiv@dividend
   911     027C  118A  2223  118A   	fcall	___lwdiv
   912     027F  1283               	bcf	3,5	;RP0=0, select bank0
   913     0280  1303               	bcf	3,6	;RP1=0, select bank0
   914     0281  0824               	movf	?___lwdiv,w
   915     0282  00AF               	movwf	update_leds@bars
   916     0283                     l1125:
   917                           
   918                           ;main.c: 179:     if (bars > 8u) bars = 8u;
   919     0283  3009               	movlw	9
   920     0284  022F               	subwf	update_leds@bars,w
   921     0285  1C03               	skipc
   922     0286  2A88               	goto	u811
   923     0287  2A89               	goto	u810
   924     0288                     u811:
   925     0288  2A8B               	goto	l1129
   926     0289                     u810:
   927     0289                     l1127:
   928     0289  3008               	movlw	8
   929     028A  00AF               	movwf	update_leds@bars
   930     028B                     l1129:
   931                           
   932                           ;main.c: 181:     uint8_t pattern = 0u;
   933     028B  01AE               	clrf	update_leds@pattern
   934                           
   935                           ;main.c: 182:     for (uint8_t i = 0u; i < bars; i++)
   936     028C  01B0               	clrf	update_leds@i
   937     028D  2A9B               	goto	l1133
   938     028E                     l1131:
   939                           
   940                           ;main.c: 183:         pattern |= (uint8_t)(1u << i);
   941     028E  3001               	movlw	1
   942     028F  00AB               	movwf	??_update_leds
   943     0290  0A30               	incf	update_leds@i,w
   944     0291  2A94               	goto	u824
   945     0292                     u825:
   946     0292  1003               	clrc
   947     0293  0DAB               	rlf	??_update_leds,f
   948     0294                     u824:
   949     0294  3EFF               	addlw	-1
   950     0295  1D03               	skipz
   951     0296  2A92               	goto	u825
   952     0297  082B               	movf	??_update_leds,w
   953     0298  04AE               	iorwf	update_leds@pattern,f
   954     0299  3001               	movlw	1
   955     029A  07B0               	addwf	update_leds@i,f
   956     029B                     l1133:
   957     029B  082F               	movf	update_leds@bars,w
   958     029C  0230               	subwf	update_leds@i,w
   959     029D  1C03               	skipc
   960     029E  2AA0               	goto	u831
   961     029F  2AA1               	goto	u830
   962     02A0                     u831:
   963     02A0  2A8E               	goto	l1131
   964     02A1                     u830:
   965     02A1                     l1135:
   966                           
   967                           ;main.c: 184:     PORTB = pattern;
   968     02A1  082E               	movf	update_leds@pattern,w
   969     02A2  0086               	movwf	6	;volatile
   970     02A3                     l112:
   971     02A3  0008               	return
   972     02A4                     __end_of_update_leds:
   973                           
   974                           	psect	text2
   975     0223                     __ptext2:	
   976 ;; *************** function ___lwdiv *****************
   977 ;; Defined at:
   978 ;;		line 5 in file "C:\Program Files\Microchip\xc8\v3.10\pic\sources\c99\common\lwdiv.c"
   979 ;; Parameters:    Size  Location     Type
   980 ;;  divisor         2    4[BANK0 ] unsigned int 
   981 ;;  dividend        2    6[BANK0 ] unsigned int 
   982 ;; Auto vars:     Size  Location     Type
   983 ;;  quotient        2    8[BANK0 ] unsigned int 
   984 ;;  counter         1   10[BANK0 ] unsigned char 
   985 ;; Return value:  Size  Location     Type
   986 ;;                  2    4[BANK0 ] unsigned int 
   987 ;; Registers used:
   988 ;;		wreg, status,2, status,0
   989 ;; Tracked objects:
   990 ;;		On entry : 0/0
   991 ;;		On exit  : 0/0
   992 ;;		Unchanged: 0/0
   993 ;; Data sizes:     COMMON   BANK0   BANK1
   994 ;;      Params:         0       4       0
   995 ;;      Locals:         0       3       0
   996 ;;      Temps:          0       0       0
   997 ;;      Totals:         0       7       0
   998 ;;Total ram usage:        7 bytes
   999 ;; Hardware stack levels used: 1
  1000 ;; Hardware stack levels required when called: 1
  1001 ;; This function calls:
  1002 ;;		Nothing
  1003 ;; This function is called by:
  1004 ;;		_update_leds
  1005 ;; This function uses a non-reentrant model
  1006 ;;
  1007                           
  1008     0223                     ___lwdiv:	
  1009                           ;psect for function ___lwdiv
  1010                           
  1011     0223                     l1031:	
  1012                           ;incstack = 0
  1013                           ; Regs used in ___lwdiv: [wreg+status,2+status,0]
  1014                           
  1015     0223  1283               	bcf	3,5	;RP0=0, select bank0
  1016     0224  1303               	bcf	3,6	;RP1=0, select bank0
  1017     0225  01A8               	clrf	___lwdiv@quotient
  1018     0226  01A9               	clrf	___lwdiv@quotient+1
  1019     0227                     l1033:
  1020     0227  0824               	movf	___lwdiv@divisor,w
  1021     0228  0425               	iorwf	___lwdiv@divisor+1,w
  1022     0229  1903               	btfsc	3,2
  1023     022A  2A2C               	goto	u641
  1024     022B  2A2D               	goto	u640
  1025     022C                     u641:
  1026     022C  2A62               	goto	l1053
  1027     022D                     u640:
  1028     022D                     l1035:
  1029     022D  3001               	movlw	1
  1030     022E  00AA               	movwf	___lwdiv@counter
  1031     022F  2A39               	goto	l1041
  1032     0230                     l1037:
  1033     0230  3001               	movlw	1
  1034     0231                     u655:
  1035     0231  1003               	clrc
  1036     0232  0DA4               	rlf	___lwdiv@divisor,f
  1037     0233  0DA5               	rlf	___lwdiv@divisor+1,f
  1038     0234  3EFF               	addlw	-1
  1039     0235  1D03               	skipz
  1040     0236  2A31               	goto	u655
  1041     0237                     l1039:
  1042     0237  3001               	movlw	1
  1043     0238  07AA               	addwf	___lwdiv@counter,f
  1044     0239                     l1041:
  1045     0239  1FA5               	btfss	___lwdiv@divisor+1,7
  1046     023A  2A3C               	goto	u661
  1047     023B  2A3D               	goto	u660
  1048     023C                     u661:
  1049     023C  2A30               	goto	l1037
  1050     023D                     u660:
  1051     023D                     l1043:
  1052     023D  3001               	movlw	1
  1053     023E                     u675:
  1054     023E  1003               	clrc
  1055     023F  0DA8               	rlf	___lwdiv@quotient,f
  1056     0240  0DA9               	rlf	___lwdiv@quotient+1,f
  1057     0241  3EFF               	addlw	-1
  1058     0242  1D03               	skipz
  1059     0243  2A3E               	goto	u675
  1060     0244  0825               	movf	___lwdiv@divisor+1,w
  1061     0245  0227               	subwf	___lwdiv@dividend+1,w
  1062     0246  1D03               	skipz
  1063     0247  2A4A               	goto	u685
  1064     0248  0824               	movf	___lwdiv@divisor,w
  1065     0249  0226               	subwf	___lwdiv@dividend,w
  1066     024A                     u685:
  1067     024A  1C03               	skipc
  1068     024B  2A4D               	goto	u681
  1069     024C  2A4E               	goto	u680
  1070     024D                     u681:
  1071     024D  2A55               	goto	l1049
  1072     024E                     u680:
  1073     024E                     l1045:
  1074     024E  0824               	movf	___lwdiv@divisor,w
  1075     024F  02A6               	subwf	___lwdiv@dividend,f
  1076     0250  0825               	movf	___lwdiv@divisor+1,w
  1077     0251  1C03               	skipc
  1078     0252  03A7               	decf	___lwdiv@dividend+1,f
  1079     0253  02A7               	subwf	___lwdiv@dividend+1,f
  1080     0254                     l1047:
  1081     0254  1428               	bsf	___lwdiv@quotient,0
  1082     0255                     l1049:
  1083     0255  3001               	movlw	1
  1084     0256                     u695:
  1085     0256  1003               	clrc
  1086     0257  0CA5               	rrf	___lwdiv@divisor+1,f
  1087     0258  0CA4               	rrf	___lwdiv@divisor,f
  1088     0259  3EFF               	addlw	-1
  1089     025A  1D03               	skipz
  1090     025B  2A56               	goto	u695
  1091     025C                     l1051:
  1092     025C  3001               	movlw	1
  1093     025D  02AA               	subwf	___lwdiv@counter,f
  1094     025E  1D03               	btfss	3,2
  1095     025F  2A61               	goto	u701
  1096     0260  2A62               	goto	u700
  1097     0261                     u701:
  1098     0261  2A3D               	goto	l1043
  1099     0262                     u700:
  1100     0262                     l1053:
  1101     0262  0829               	movf	___lwdiv@quotient+1,w
  1102     0263  00A5               	movwf	?___lwdiv+1
  1103     0264  0828               	movf	___lwdiv@quotient,w
  1104     0265  00A4               	movwf	?___lwdiv
  1105     0266                     l509:
  1106     0266  0008               	return
  1107     0267                     __end_of___lwdiv:
  1108                           
  1109                           	psect	text3
  1110     031D                     __ptext3:	
  1111 ;; *************** function _uart_puts *****************
  1112 ;; Defined at:
  1113 ;;		line 101 in file "main.c"
  1114 ;; Parameters:    Size  Location     Type
  1115 ;;  s               1    5[BANK0 ] PTR const unsigned char 
  1116 ;;		 -> STR_5(3), STR_4(4), STR_3(6), STR_2(5), 
  1117 ;;		 -> STR_1(5), 
  1118 ;; Auto vars:     Size  Location     Type
  1119 ;;		None
  1120 ;; Return value:  Size  Location     Type
  1121 ;;                  1    wreg      void 
  1122 ;; Registers used:
  1123 ;;		wreg, fsr0l, fsr0h, status,2, status,0, pclath, cstack
  1124 ;; Tracked objects:
  1125 ;;		On entry : 0/0
  1126 ;;		On exit  : 0/0
  1127 ;;		Unchanged: 0/0
  1128 ;; Data sizes:     COMMON   BANK0   BANK1
  1129 ;;      Params:         0       1       0
  1130 ;;      Locals:         0       0       0
  1131 ;;      Temps:          0       0       0
  1132 ;;      Totals:         0       1       0
  1133 ;;Total ram usage:        1 bytes
  1134 ;; Hardware stack levels used: 1
  1135 ;; Hardware stack levels required when called: 2
  1136 ;; This function calls:
  1137 ;;		_uart_putc
  1138 ;; This function is called by:
  1139 ;;		_main
  1140 ;; This function uses a non-reentrant model
  1141 ;;
  1142                           
  1143     031D                     _uart_puts:	
  1144                           ;psect for function _uart_puts
  1145                           
  1146     031D                     l1057:	
  1147                           ;incstack = 0
  1148                           ; Regs used in _uart_puts: [wreg-fsr0h+status,2+status,0+pclath+cstack]
  1149                           
  1150                           
  1151                           ;main.c: 101: static void uart_puts(const char *s);main.c: 102: {;main.c: 103:     while
      +                           (*s) uart_putc(*s++);
  1152     031D  2B2A               	goto	l1063
  1153     031E                     l1059:
  1154     031E  0825               	movf	uart_puts@s,w
  1155     031F  0084               	movwf	4
  1156     0320  118A  2300  118A   	fcall	stringdir
  1157     0323  118A  2337  118A   	fcall	_uart_putc
  1158     0326                     l1061:
  1159     0326  3001               	movlw	1
  1160     0327  1283               	bcf	3,5	;RP0=0, select bank0
  1161     0328  1303               	bcf	3,6	;RP1=0, select bank0
  1162     0329  07A5               	addwf	uart_puts@s,f
  1163     032A                     l1063:
  1164     032A  1283               	bcf	3,5	;RP0=0, select bank0
  1165     032B  1303               	bcf	3,6	;RP1=0, select bank0
  1166     032C  0825               	movf	uart_puts@s,w
  1167     032D  0084               	movwf	4
  1168     032E  118A  2300  118A   	fcall	stringdir
  1169     0331  3A00               	xorlw	0
  1170     0332  1D03               	skipz
  1171     0333  2B35               	goto	u711
  1172     0334  2B36               	goto	u710
  1173     0335                     u711:
  1174     0335  2B1E               	goto	l1059
  1175     0336                     u710:
  1176     0336                     l70:
  1177     0336  0008               	return
  1178     0337                     __end_of_uart_puts:
  1179                           
  1180                           	psect	text4
  1181     0337                     __ptext4:	
  1182 ;; *************** function _uart_putc *****************
  1183 ;; Defined at:
  1184 ;;		line 95 in file "main.c"
  1185 ;; Parameters:    Size  Location     Type
  1186 ;;  c               1    wreg     unsigned char 
  1187 ;; Auto vars:     Size  Location     Type
  1188 ;;  c               1    4[BANK0 ] unsigned char 
  1189 ;; Return value:  Size  Location     Type
  1190 ;;                  1    wreg      void 
  1191 ;; Registers used:
  1192 ;;		wreg
  1193 ;; Tracked objects:
  1194 ;;		On entry : 0/0
  1195 ;;		On exit  : 0/0
  1196 ;;		Unchanged: 0/0
  1197 ;; Data sizes:     COMMON   BANK0   BANK1
  1198 ;;      Params:         0       0       0
  1199 ;;      Locals:         0       1       0
  1200 ;;      Temps:          0       0       0
  1201 ;;      Totals:         0       1       0
  1202 ;;Total ram usage:        1 bytes
  1203 ;; Hardware stack levels used: 1
  1204 ;; Hardware stack levels required when called: 1
  1205 ;; This function calls:
  1206 ;;		Nothing
  1207 ;; This function is called by:
  1208 ;;		_uart_puts
  1209 ;; This function uses a non-reentrant model
  1210 ;;
  1211                           
  1212     0337                     _uart_putc:	
  1213                           ;psect for function _uart_putc
  1214                           
  1215                           
  1216                           ;incstack = 0
  1217                           ; Regs used in _uart_putc: [wreg]
  1218                           ;uart_putc@c stored from wreg
  1219     0337  1283               	bcf	3,5	;RP0=0, select bank0
  1220     0338  1303               	bcf	3,6	;RP1=0, select bank0
  1221     0339  00A4               	movwf	uart_putc@c
  1222     033A                     l995:
  1223     033A                     l61:	
  1224                           ;main.c: 95: static void uart_putc(char c);main.c: 96: {;main.c: 97:     while (!PIR1bit
      +                          s.TXIF);
  1225                           
  1226     033A  1E0C               	btfss	12,4	;volatile
  1227     033B  2B3D               	goto	u571
  1228     033C  2B3E               	goto	u570
  1229     033D                     u571:
  1230     033D  2B3A               	goto	l61
  1231     033E                     u570:
  1232     033E                     l997:
  1233                           
  1234                           ;main.c: 98:     TXREG = (uint8_t)c;
  1235     033E  0824               	movf	uart_putc@c,w
  1236     033F  0099               	movwf	25	;volatile
  1237     0340                     l64:
  1238     0340  0008               	return
  1239     0341                     __end_of_uart_putc:
  1240                           
  1241                           	psect	text5
  1242     00E9                     __ptext5:	
  1243 ;; *************** function _parse_response *****************
  1244 ;; Defined at:
  1245 ;;		line 143 in file "main.c"
  1246 ;; Parameters:    Size  Location     Type
  1247 ;;		None
  1248 ;; Auto vars:     Size  Location     Type
  1249 ;;  ch              1   68[BANK0 ] unsigned char 
  1250 ;;  i               1   67[BANK0 ] unsigned char 
  1251 ;;  local          48   18[BANK0 ] unsigned char [48]
  1252 ;;  p               1   69[BANK0 ] PTR unsigned char 
  1253 ;;		 -> parse_response@local(48), 
  1254 ;;  len             1   66[BANK0 ] unsigned char 
  1255 ;; Return value:  Size  Location     Type
  1256 ;;                  1    wreg      void 
  1257 ;; Registers used:
  1258 ;;		wreg, fsr0l, fsr0h, status,2, status,0, pclath, cstack
  1259 ;; Tracked objects:
  1260 ;;		On entry : 0/0
  1261 ;;		On exit  : 0/0
  1262 ;;		Unchanged: 0/0
  1263 ;; Data sizes:     COMMON   BANK0   BANK1
  1264 ;;      Params:         0       0       0
  1265 ;;      Locals:         0      52       0
  1266 ;;      Temps:          0       1       0
  1267 ;;      Totals:         0      53       0
  1268 ;;Total ram usage:       53 bytes
  1269 ;; Hardware stack levels used: 1
  1270 ;; Hardware stack levels required when called: 3
  1271 ;; This function calls:
  1272 ;;		_atoi
  1273 ;; This function is called by:
  1274 ;;		_main
  1275 ;; This function uses a non-reentrant model
  1276 ;;
  1277                           
  1278     00E9                     _parse_response:	
  1279                           ;psect for function _parse_response
  1280                           
  1281     00E9                     l1065:	
  1282                           ;incstack = 0
  1283                           ; Regs used in _parse_response: [wreg-fsr0h+status,2+status,0+pclath+cstack]
  1284                           
  1285                           
  1286                           ;main.c: 145:     char local[48u];;main.c: 146:     uint8_t len;;main.c: 148:     INTCON
      +                          bits.GIE = 0u;
  1287     00E9  138B               	bcf	11,7	;volatile
  1288     00EA                     l1067:
  1289                           
  1290                           ;main.c: 149:     len = rx_len;
  1291     00EA  1283               	bcf	3,5	;RP0=0, select bank0
  1292     00EB  1303               	bcf	3,6	;RP1=0, select bank0
  1293     00EC  0870               	movf	_rx_len,w	;volatile
  1294     00ED  00E2               	movwf	parse_response@len
  1295     00EE                     l1069:
  1296                           
  1297                           ;main.c: 150:     for (uint8_t i = 0u; i < len; i++) local[i] = rx_buf[i];
  1298     00EE  01E3               	clrf	parse_response@i
  1299     00EF  28FD               	goto	l1075
  1300     00F0                     l1071:
  1301     00F0  0863               	movf	parse_response@i,w
  1302     00F1  3EA0               	addlw	(low (_rx_buf| 0))& (0+255)
  1303     00F2  0084               	movwf	4
  1304     00F3  1383               	bcf	3,7	;select IRP bank1
  1305     00F4  0800               	movf	0,w
  1306     00F5  00B1               	movwf	??_parse_response
  1307     00F6  0863               	movf	parse_response@i,w
  1308     00F7  3E32               	addlw	(low (parse_response@local| 0))& (0+255)
  1309     00F8  0084               	movwf	4
  1310     00F9  0831               	movf	??_parse_response,w
  1311     00FA  0080               	movwf	0
  1312     00FB                     l1073:
  1313     00FB  3001               	movlw	1
  1314     00FC  07E3               	addwf	parse_response@i,f
  1315     00FD                     l1075:
  1316     00FD  0862               	movf	parse_response@len,w
  1317     00FE  0263               	subwf	parse_response@i,w
  1318     00FF  1C03               	skipc
  1319     0100  2902               	goto	u721
  1320     0101  2903               	goto	u720
  1321     0102                     u721:
  1322     0102  28F0               	goto	l1071
  1323     0103                     u720:
  1324     0103                     l1077:
  1325                           
  1326                           ;main.c: 151:     rx_len = 0u;
  1327     0103  01F0               	clrf	_rx_len	;volatile
  1328     0104                     l1079:
  1329                           
  1330                           ;main.c: 152:     INTCONbits.GIE = 1u;
  1331     0104  178B               	bsf	11,7	;volatile
  1332     0105                     l1081:
  1333                           
  1334                           ;main.c: 154:     local[len] = '\0';
  1335     0105  0862               	movf	parse_response@len,w
  1336     0106  3E32               	addlw	(low (parse_response@local| 0))& (0+255)
  1337     0107  0084               	movwf	4
  1338     0108  1383               	bcf	3,7	;select IRP bank0
  1339     0109  0180               	clrf	0
  1340     010A                     l1083:
  1341                           
  1342                           ;main.c: 156:     if (local[0] != 'V') return;
  1343     010A  3056               	movlw	86
  1344     010B  0632               	xorwf	parse_response@local,w
  1345     010C  1903               	btfsc	3,2
  1346     010D  290F               	goto	u731
  1347     010E  2910               	goto	u730
  1348     010F                     u731:
  1349     010F  2911               	goto	l1087
  1350     0110                     u730:
  1351     0110  2965               	goto	l91
  1352     0111                     l1087:
  1353                           
  1354                           ;main.c: 158:     char *p = local;
  1355     0111  3032               	movlw	(low (parse_response@local| 0))& (0+255)
  1356     0112  00E5               	movwf	parse_response@p
  1357     0113                     l1089:
  1358                           
  1359                           ;main.c: 159:     for (uint8_t ch = 0u; ch < 4u; ch++)
  1360     0113  01E4               	clrf	parse_response@ch
  1361     0114  2917               	goto	l1097
  1362     0115                     l1095:
  1363     0115  3001               	movlw	1
  1364     0116  07E5               	addwf	parse_response@p,f
  1365     0117                     l1097:
  1366     0117  0865               	movf	parse_response@p,w
  1367     0118  0084               	movwf	4
  1368     0119  0800               	movf	0,w
  1369     011A  1903               	btfsc	3,2
  1370     011B  291D               	goto	u741
  1371     011C  291E               	goto	u740
  1372     011D                     u741:
  1373     011D  2926               	goto	l1101
  1374     011E                     u740:
  1375     011E                     l1099:
  1376     011E  0865               	movf	parse_response@p,w
  1377     011F  0084               	movwf	4
  1378     0120  303A               	movlw	58
  1379     0121  0600               	xorwf	0,w
  1380     0122  1D03               	btfss	3,2
  1381     0123  2925               	goto	u751
  1382     0124  2926               	goto	u750
  1383     0125                     u751:
  1384     0125  2915               	goto	l1095
  1385     0126                     u750:
  1386     0126                     l1101:
  1387                           
  1388                           ;main.c: 162:         if (!*p) break;
  1389     0126  0865               	movf	parse_response@p,w
  1390     0127  0084               	movwf	4
  1391     0128  0800               	movf	0,w
  1392     0129  1D03               	btfss	3,2
  1393     012A  292C               	goto	u761
  1394     012B  292D               	goto	u760
  1395     012C                     u761:
  1396     012C  292E               	goto	l1105
  1397     012D                     u760:
  1398     012D  2965               	goto	l91
  1399     012E                     l1105:
  1400                           
  1401                           ;main.c: 163:         p++;
  1402     012E  3001               	movlw	1
  1403     012F  07E5               	addwf	parse_response@p,f
  1404     0130                     l1107:
  1405                           
  1406                           ;main.c: 164:         adc_mv[ch] = (uint16_t)atoi(p);
  1407     0130  0865               	movf	parse_response@p,w
  1408     0131  00AA               	movwf	atoi@s
  1409     0132  118A  2166  118A   	fcall	_atoi
  1410     0135  1283               	bcf	3,5	;RP0=0, select bank0
  1411     0136  1303               	bcf	3,6	;RP1=0, select bank0
  1412     0137  0864               	movf	parse_response@ch,w
  1413     0138  00B1               	movwf	??_parse_response
  1414     0139  0731               	addwf	??_parse_response,w
  1415     013A  3ED0               	addlw	(low (_adc_mv| 0))& (0+255)
  1416     013B  0084               	movwf	4
  1417     013C  082A               	movf	?_atoi,w
  1418     013D  1383               	bcf	3,7	;select IRP bank1
  1419     013E  0080               	movwf	0
  1420     013F  0A84               	incf	4,f
  1421     0140  082B               	movf	?_atoi+1,w
  1422     0141  0080               	movwf	0
  1423                           
  1424                           ;main.c: 165:         while (*p && *p != ',') p++;
  1425     0142  2945               	goto	l1111
  1426     0143                     l1109:
  1427     0143  3001               	movlw	1
  1428     0144  07E5               	addwf	parse_response@p,f
  1429     0145                     l1111:
  1430     0145  0865               	movf	parse_response@p,w
  1431     0146  0084               	movwf	4
  1432     0147  0800               	movf	0,w
  1433     0148  1903               	btfsc	3,2
  1434     0149  294B               	goto	u771
  1435     014A  294C               	goto	u770
  1436     014B                     u771:
  1437     014B  2954               	goto	l1115
  1438     014C                     u770:
  1439     014C                     l1113:
  1440     014C  0865               	movf	parse_response@p,w
  1441     014D  0084               	movwf	4
  1442     014E  302C               	movlw	44
  1443     014F  0600               	xorwf	0,w
  1444     0150  1D03               	btfss	3,2
  1445     0151  2953               	goto	u781
  1446     0152  2954               	goto	u780
  1447     0153                     u781:
  1448     0153  2943               	goto	l1109
  1449     0154                     u780:
  1450     0154                     l1115:
  1451                           
  1452                           ;main.c: 166:         if (*p) p++;
  1453     0154  0865               	movf	parse_response@p,w
  1454     0155  0084               	movwf	4
  1455     0156  0800               	movf	0,w
  1456     0157  1903               	btfsc	3,2
  1457     0158  295A               	goto	u791
  1458     0159  295B               	goto	u790
  1459     015A                     u791:
  1460     015A  295D               	goto	l105
  1461     015B                     u790:
  1462     015B                     l1117:
  1463     015B  3001               	movlw	1
  1464     015C  07E5               	addwf	parse_response@p,f
  1465     015D                     l105:
  1466                           
  1467                           ;main.c: 167:     }
  1468     015D  3001               	movlw	1
  1469     015E  07E4               	addwf	parse_response@ch,f
  1470     015F                     l1119:
  1471     015F  3004               	movlw	4
  1472     0160  0264               	subwf	parse_response@ch,w
  1473     0161  1C03               	skipc
  1474     0162  2964               	goto	u801
  1475     0163  2965               	goto	u800
  1476     0164                     u801:
  1477     0164  2917               	goto	l1097
  1478     0165                     u800:
  1479     0165                     l91:
  1480     0165  0008               	return
  1481     0166                     __end_of_parse_response:
  1482                           
  1483                           	psect	text6
  1484     0166                     __ptext6:	
  1485 ;; *************** function _atoi *****************
  1486 ;; Defined at:
  1487 ;;		line 5 in file "C:\Program Files\Microchip\xc8\v3.10\pic\sources\c99\common\atoi.c"
  1488 ;; Parameters:    Size  Location     Type
  1489 ;;  s               1   10[BANK0 ] PTR const unsigned char 
  1490 ;;		 -> parse_response@local(48), 
  1491 ;; Auto vars:     Size  Location     Type
  1492 ;;  n               2   15[BANK0 ] int 
  1493 ;;  neg             1   14[BANK0 ] _Bool 
  1494 ;; Return value:  Size  Location     Type
  1495 ;;                  2   10[BANK0 ] int 
  1496 ;; Registers used:
  1497 ;;		wreg, fsr0l, fsr0h, status,2, status,0, pclath, cstack
  1498 ;; Tracked objects:
  1499 ;;		On entry : 0/0
  1500 ;;		On exit  : 0/0
  1501 ;;		Unchanged: 0/0
  1502 ;; Data sizes:     COMMON   BANK0   BANK1
  1503 ;;      Params:         0       2       0
  1504 ;;      Locals:         0       3       0
  1505 ;;      Temps:          0       2       0
  1506 ;;      Totals:         0       7       0
  1507 ;;Total ram usage:        7 bytes
  1508 ;; Hardware stack levels used: 1
  1509 ;; Hardware stack levels required when called: 2
  1510 ;; This function calls:
  1511 ;;		___wmul
  1512 ;; This function is called by:
  1513 ;;		_parse_response
  1514 ;; This function uses a non-reentrant model
  1515 ;;
  1516                           
  1517     0166                     _atoi:	
  1518                           ;psect for function _atoi
  1519                           
  1520     0166                     l999:	
  1521                           ;incstack = 0
  1522                           ; Regs used in _atoi: [wreg-fsr0h+status,2+status,0+pclath+cstack]
  1523                           
  1524     0166  1283               	bcf	3,5	;RP0=0, select bank0
  1525     0167  1303               	bcf	3,6	;RP1=0, select bank0
  1526     0168  01AF               	clrf	atoi@n
  1527     0169  01B0               	clrf	atoi@n+1
  1528     016A  01AE               	clrf	atoi@neg
  1529     016B  296E               	goto	l1003
  1530     016C                     l1001:
  1531     016C  3001               	movlw	1
  1532     016D  07AA               	addwf	atoi@s,f
  1533     016E                     l1003:
  1534     016E  082A               	movf	atoi@s,w
  1535     016F  0084               	movwf	4
  1536     0170  3020               	movlw	32
  1537     0171  1383               	bcf	3,7	;select IRP bank0
  1538     0172  0600               	xorwf	0,w
  1539     0173  1903               	btfsc	3,2
  1540     0174  2976               	goto	u581
  1541     0175  2977               	goto	u580
  1542     0176                     u581:
  1543     0176  296C               	goto	l1001
  1544     0177                     u580:
  1545     0177                     l1005:
  1546     0177  082A               	movf	atoi@s,w
  1547     0178  0084               	movwf	4
  1548     0179  30F7               	movlw	247
  1549     017A  0700               	addwf	0,w
  1550     017B  00AC               	movwf	??_atoi
  1551     017C  3005               	movlw	5
  1552     017D  022C               	subwf	??_atoi,w
  1553     017E  1C03               	skipc
  1554     017F  2981               	goto	u591
  1555     0180  2982               	goto	u590
  1556     0181                     u591:
  1557     0181  296C               	goto	l1001
  1558     0182                     u590:
  1559     0182                     l1007:
  1560     0182  082A               	movf	atoi@s,w
  1561     0183  0084               	movwf	4
  1562     0184  302D               	movlw	45
  1563     0185  0600               	xorwf	0,w
  1564     0186  1D03               	btfss	3,2
  1565     0187  2989               	goto	u601
  1566     0188  298A               	goto	u600
  1567     0189                     u601:
  1568     0189  298F               	goto	l1013
  1569     018A                     u600:
  1570     018A                     l1009:
  1571     018A  3001               	movlw	1
  1572     018B  00AE               	movwf	atoi@neg
  1573     018C                     l1011:
  1574     018C  3001               	movlw	1
  1575     018D  07AA               	addwf	atoi@s,f
  1576     018E  29B8               	goto	l1021
  1577     018F                     l1013:
  1578     018F  082A               	movf	atoi@s,w
  1579     0190  0084               	movwf	4
  1580     0191  302B               	movlw	43
  1581     0192  0600               	xorwf	0,w
  1582     0193  1D03               	btfss	3,2
  1583     0194  2996               	goto	u611
  1584     0195  2997               	goto	u610
  1585     0196                     u611:
  1586     0196  29B8               	goto	l1021
  1587     0197                     u610:
  1588     0197  298C               	goto	l1011
  1589     0198                     l1017:
  1590     0198  082A               	movf	atoi@s,w
  1591     0199  0084               	movwf	4
  1592     019A  0830               	movf	atoi@n+1,w
  1593     019B  00A5               	movwf	___wmul@multiplier+1
  1594     019C  082F               	movf	atoi@n,w
  1595     019D  00A4               	movwf	___wmul@multiplier
  1596     019E  300A               	movlw	10
  1597     019F  00A6               	movwf	___wmul@multiplicand
  1598     01A0  3000               	movlw	0
  1599     01A1  00A7               	movwf	___wmul@multiplicand+1
  1600     01A2  118A  22CD  118A   	fcall	___wmul
  1601     01A5  1283               	bcf	3,5	;RP0=0, select bank0
  1602     01A6  1303               	bcf	3,6	;RP1=0, select bank0
  1603     01A7  0825               	movf	?___wmul+1,w
  1604     01A8  00AD               	movwf	??_atoi+1
  1605     01A9  1383               	bcf	3,7	;select IRP bank0
  1606     01AA  0800               	movf	0,w
  1607     01AB  0224               	subwf	?___wmul,w
  1608     01AC  00AC               	movwf	??_atoi
  1609     01AD  1C03               	skipc
  1610     01AE  03AD               	decf	??_atoi+1,f
  1611     01AF  082C               	movf	??_atoi,w
  1612     01B0  3E30               	addlw	48
  1613     01B1  00AF               	movwf	atoi@n
  1614     01B2  082D               	movf	??_atoi+1,w
  1615     01B3  1803               	skipnc
  1616     01B4  3E01               	addlw	1
  1617     01B5  3E00               	addlw	0
  1618     01B6  00B0               	movwf	atoi@n+1
  1619     01B7  298C               	goto	l1011
  1620     01B8                     l1021:
  1621     01B8  082A               	movf	atoi@s,w
  1622     01B9  0084               	movwf	4
  1623     01BA  30D0               	movlw	208
  1624     01BB  0700               	addwf	0,w
  1625     01BC  00AC               	movwf	??_atoi
  1626     01BD  300A               	movlw	10
  1627     01BE  022C               	subwf	??_atoi,w
  1628     01BF  1C03               	skipc
  1629     01C0  29C2               	goto	u621
  1630     01C1  29C3               	goto	u620
  1631     01C2                     u621:
  1632     01C2  2998               	goto	l1017
  1633     01C3                     u620:
  1634     01C3                     l1023:
  1635     01C3  082E               	movf	atoi@neg,w
  1636     01C4  1D03               	btfss	3,2
  1637     01C5  29C7               	goto	u631
  1638     01C6  29C8               	goto	u630
  1639     01C7                     u631:
  1640     01C7  29D4               	goto	l1027
  1641     01C8                     u630:
  1642     01C8                     l1025:
  1643     01C8  092F               	comf	atoi@n,w
  1644     01C9  00AC               	movwf	??_atoi
  1645     01CA  0930               	comf	atoi@n+1,w
  1646     01CB  00AD               	movwf	??_atoi+1
  1647     01CC  0AAC               	incf	??_atoi,f
  1648     01CD  1903               	skipnz
  1649     01CE  0AAD               	incf	??_atoi+1,f
  1650     01CF  082C               	movf	??_atoi,w
  1651     01D0  00AA               	movwf	?_atoi
  1652     01D1  082D               	movf	??_atoi+1,w
  1653     01D2  00AB               	movwf	?_atoi+1
  1654     01D3  29D8               	goto	l701
  1655     01D4                     l1027:
  1656     01D4  0830               	movf	atoi@n+1,w
  1657     01D5  00AB               	movwf	?_atoi+1
  1658     01D6  082F               	movf	atoi@n,w
  1659     01D7  00AA               	movwf	?_atoi
  1660     01D8                     l701:
  1661     01D8  0008               	return
  1662     01D9                     __end_of_atoi:
  1663                           
  1664                           	psect	text7
  1665     02CD                     __ptext7:	
  1666 ;; *************** function ___wmul *****************
  1667 ;; Defined at:
  1668 ;;		line 15 in file "C:\Program Files\Microchip\xc8\v3.10\pic\sources\c99\common\Umul16.c"
  1669 ;; Parameters:    Size  Location     Type
  1670 ;;  multiplier      2    4[BANK0 ] unsigned int 
  1671 ;;  multiplicand    2    6[BANK0 ] unsigned int 
  1672 ;; Auto vars:     Size  Location     Type
  1673 ;;  product         2    8[BANK0 ] unsigned int 
  1674 ;; Return value:  Size  Location     Type
  1675 ;;                  2    4[BANK0 ] unsigned int 
  1676 ;; Registers used:
  1677 ;;		wreg, status,2, status,0
  1678 ;; Tracked objects:
  1679 ;;		On entry : 0/0
  1680 ;;		On exit  : 0/0
  1681 ;;		Unchanged: 0/0
  1682 ;; Data sizes:     COMMON   BANK0   BANK1
  1683 ;;      Params:         0       4       0
  1684 ;;      Locals:         0       2       0
  1685 ;;      Temps:          0       0       0
  1686 ;;      Totals:         0       6       0
  1687 ;;Total ram usage:        6 bytes
  1688 ;; Hardware stack levels used: 1
  1689 ;; Hardware stack levels required when called: 1
  1690 ;; This function calls:
  1691 ;;		Nothing
  1692 ;; This function is called by:
  1693 ;;		_atoi
  1694 ;; This function uses a non-reentrant model
  1695 ;;
  1696                           
  1697     02CD                     ___wmul:	
  1698                           ;psect for function ___wmul
  1699                           
  1700     02CD                     l981:	
  1701                           ;incstack = 0
  1702                           ; Regs used in ___wmul: [wreg+status,2+status,0]
  1703                           
  1704     02CD  1283               	bcf	3,5	;RP0=0, select bank0
  1705     02CE  1303               	bcf	3,6	;RP1=0, select bank0
  1706     02CF  01A8               	clrf	___wmul@product
  1707     02D0  01A9               	clrf	___wmul@product+1
  1708     02D1                     l983:
  1709     02D1  1C24               	btfss	___wmul@multiplier,0
  1710     02D2  2AD4               	goto	u531
  1711     02D3  2AD5               	goto	u530
  1712     02D4                     u531:
  1713     02D4  2ADB               	goto	l229
  1714     02D5                     u530:
  1715     02D5                     l985:
  1716     02D5  0826               	movf	___wmul@multiplicand,w
  1717     02D6  07A8               	addwf	___wmul@product,f
  1718     02D7  1803               	skipnc
  1719     02D8  0AA9               	incf	___wmul@product+1,f
  1720     02D9  0827               	movf	___wmul@multiplicand+1,w
  1721     02DA  07A9               	addwf	___wmul@product+1,f
  1722     02DB                     l229:
  1723     02DB  3001               	movlw	1
  1724     02DC                     u545:
  1725     02DC  1003               	clrc
  1726     02DD  0DA6               	rlf	___wmul@multiplicand,f
  1727     02DE  0DA7               	rlf	___wmul@multiplicand+1,f
  1728     02DF  3EFF               	addlw	-1
  1729     02E0  1D03               	skipz
  1730     02E1  2ADC               	goto	u545
  1731     02E2                     l987:
  1732     02E2  3001               	movlw	1
  1733     02E3                     u555:
  1734     02E3  1003               	clrc
  1735     02E4  0CA5               	rrf	___wmul@multiplier+1,f
  1736     02E5  0CA4               	rrf	___wmul@multiplier,f
  1737     02E6  3EFF               	addlw	-1
  1738     02E7  1D03               	skipz
  1739     02E8  2AE3               	goto	u555
  1740     02E9                     l989:
  1741     02E9  0824               	movf	___wmul@multiplier,w
  1742     02EA  0425               	iorwf	___wmul@multiplier+1,w
  1743     02EB  1D03               	btfss	3,2
  1744     02EC  2AEE               	goto	u561
  1745     02ED  2AEF               	goto	u560
  1746     02EE                     u561:
  1747     02EE  2AD1               	goto	l983
  1748     02EF                     u560:
  1749     02EF                     l991:
  1750     02EF  0829               	movf	___wmul@product+1,w
  1751     02F0  00A5               	movwf	?___wmul+1
  1752     02F1  0828               	movf	___wmul@product,w
  1753     02F2  00A4               	movwf	?___wmul
  1754     02F3                     l231:
  1755     02F3  0008               	return
  1756     02F4                     __end_of___wmul:
  1757                           
  1758                           	psect	text8
  1759     02A4                     __ptext8:	
  1760 ;; *************** function _init *****************
  1761 ;; Defined at:
  1762 ;;		line 191 in file "main.c"
  1763 ;; Parameters:    Size  Location     Type
  1764 ;;		None
  1765 ;; Auto vars:     Size  Location     Type
  1766 ;;		None
  1767 ;; Return value:  Size  Location     Type
  1768 ;;                  1    wreg      void 
  1769 ;; Registers used:
  1770 ;;		wreg, status,2
  1771 ;; Tracked objects:
  1772 ;;		On entry : 0/0
  1773 ;;		On exit  : 0/0
  1774 ;;		Unchanged: 0/0
  1775 ;; Data sizes:     COMMON   BANK0   BANK1
  1776 ;;      Params:         0       0       0
  1777 ;;      Locals:         0       0       0
  1778 ;;      Temps:          0       0       0
  1779 ;;      Totals:         0       0       0
  1780 ;;Total ram usage:        0 bytes
  1781 ;; Hardware stack levels used: 1
  1782 ;; Hardware stack levels required when called: 1
  1783 ;; This function calls:
  1784 ;;		Nothing
  1785 ;; This function is called by:
  1786 ;;		_main
  1787 ;; This function uses a non-reentrant model
  1788 ;;
  1789                           
  1790     02A4                     _init:	
  1791                           ;psect for function _init
  1792                           
  1793     02A4                     l1137:	
  1794                           ;incstack = 0
  1795                           ; Regs used in _init: [wreg+status,2]
  1796                           
  1797                           
  1798                           ;main.c: 193:     TRISA = 0x0Fu;
  1799     02A4  300F               	movlw	15
  1800     02A5  1683               	bsf	3,5	;RP0=1, select bank1
  1801     02A6  1303               	bcf	3,6	;RP1=0, select bank1
  1802     02A7  0085               	movwf	5	;volatile
  1803     02A8                     l1139:
  1804                           
  1805                           ;main.c: 194:     TRISB = 0x00u;
  1806     02A8  0186               	clrf	6	;volatile
  1807     02A9                     l1141:
  1808                           
  1809                           ;main.c: 195:     TRISC = 0x80u;
  1810     02A9  3080               	movlw	128
  1811     02AA  0087               	movwf	7	;volatile
  1812                           
  1813                           ;main.c: 196:     PORTA = 0x00u;
  1814     02AB  1283               	bcf	3,5	;RP0=0, select bank0
  1815     02AC  1303               	bcf	3,6	;RP1=0, select bank0
  1816     02AD  0185               	clrf	5	;volatile
  1817                           
  1818                           ;main.c: 197:     PORTB = 0x00u;
  1819     02AE  0186               	clrf	6	;volatile
  1820                           
  1821                           ;main.c: 198:     PORTC = 0x00u;
  1822     02AF  0187               	clrf	7	;volatile
  1823     02B0                     l1143:
  1824                           
  1825                           ;main.c: 200:     ADCON1 = 0x07u;
  1826     02B0  3007               	movlw	7
  1827     02B1  1683               	bsf	3,5	;RP0=1, select bank1
  1828     02B2  1303               	bcf	3,6	;RP1=0, select bank1
  1829     02B3  009F               	movwf	31	;volatile
  1830     02B4                     l1145:
  1831                           
  1832                           ;main.c: 202:     SPBRG = 25u;
  1833     02B4  3019               	movlw	25
  1834     02B5  0099               	movwf	25	;volatile
  1835     02B6                     l1147:
  1836                           
  1837                           ;main.c: 203:     TXSTA = 0x24u;
  1838     02B6  3024               	movlw	36
  1839     02B7  0098               	movwf	24	;volatile
  1840     02B8                     l1149:
  1841                           
  1842                           ;main.c: 204:     RCSTA = 0x90u;
  1843     02B8  3090               	movlw	144
  1844     02B9  1283               	bcf	3,5	;RP0=0, select bank0
  1845     02BA  1303               	bcf	3,6	;RP1=0, select bank0
  1846     02BB  0098               	movwf	24	;volatile
  1847     02BC                     l1151:
  1848                           
  1849                           ;main.c: 207:     OPTION_REG = (OPTION_REG & 0xC0u) | 0x04u;
  1850     02BC  1683               	bsf	3,5	;RP0=1, select bank1
  1851     02BD  1303               	bcf	3,6	;RP1=0, select bank1
  1852     02BE  0801               	movf	1,w	;volatile
  1853     02BF  39C0               	andlw	192
  1854     02C0  3804               	iorlw	4
  1855     02C1  0081               	movwf	1	;volatile
  1856     02C2                     l1153:
  1857                           
  1858                           ;main.c: 208:     TMR0 = 100u;
  1859     02C2  3064               	movlw	100
  1860     02C3  1283               	bcf	3,5	;RP0=0, select bank0
  1861     02C4  1303               	bcf	3,6	;RP1=0, select bank0
  1862     02C5  0081               	movwf	1	;volatile
  1863     02C6                     l1155:
  1864                           
  1865                           ;main.c: 209:     INTCONbits.T0IE = 1u;
  1866     02C6  168B               	bsf	11,5	;volatile
  1867     02C7                     l1157:
  1868                           
  1869                           ;main.c: 211:     PIE1bits.RCIE = 1u;
  1870     02C7  1683               	bsf	3,5	;RP0=1, select bank1
  1871     02C8  1303               	bcf	3,6	;RP1=0, select bank1
  1872     02C9  168C               	bsf	12,5	;volatile
  1873     02CA                     l1159:
  1874                           
  1875                           ;main.c: 212:     INTCONbits.PEIE = 1u;
  1876     02CA  170B               	bsf	11,6	;volatile
  1877     02CB                     l1161:
  1878                           
  1879                           ;main.c: 213:     INTCONbits.GIE = 1u;
  1880     02CB  178B               	bsf	11,7	;volatile
  1881     02CC                     l115:
  1882     02CC  0008               	return
  1883     02CD                     __end_of_init:
  1884                           
  1885                           	psect	text9
  1886     01D9                     __ptext9:	
  1887 ;; *************** function _isr *****************
  1888 ;; Defined at:
  1889 ;;		line 110 in file "main.c"
  1890 ;; Parameters:    Size  Location     Type
  1891 ;;		None
  1892 ;; Auto vars:     Size  Location     Type
  1893 ;;  c               1    3[BANK0 ] unsigned char 
  1894 ;; Return value:  Size  Location     Type
  1895 ;;                  1    wreg      void 
  1896 ;; Registers used:
  1897 ;;		wreg, fsr0l, fsr0h, status,2, status,0
  1898 ;; Tracked objects:
  1899 ;;		On entry : 0/0
  1900 ;;		On exit  : 0/0
  1901 ;;		Unchanged: 0/0
  1902 ;; Data sizes:     COMMON   BANK0   BANK1
  1903 ;;      Params:         0       0       0
  1904 ;;      Locals:         0       1       0
  1905 ;;      Temps:          0       3       0
  1906 ;;      Totals:         0       4       0
  1907 ;;Total ram usage:        4 bytes
  1908 ;; Hardware stack levels used: 1
  1909 ;; This function calls:
  1910 ;;		Nothing
  1911 ;; This function is called by:
  1912 ;;		Interrupt level 1
  1913 ;; This function uses a non-reentrant model
  1914 ;;
  1915                           
  1916     01D9                     _isr:	
  1917                           ;psect for function _isr
  1918                           
  1919     01D9                     i1l1163:
  1920                           
  1921                           ;main.c: 112:     if (INTCONbits.T0IF)
  1922     01D9  1D0B               	btfss	11,2	;volatile
  1923     01DA  29DC               	goto	u84_21
  1924     01DB  29DD               	goto	u84_20
  1925     01DC                     u84_21:
  1926     01DC  29E2               	goto	i1l75
  1927     01DD                     u84_20:
  1928     01DD                     i1l1165:
  1929                           
  1930                           ;main.c: 113:     {;main.c: 114:         INTCONbits.T0IF = 0u;
  1931     01DD  110B               	bcf	11,2	;volatile
  1932                           
  1933                           ;main.c: 115:         TMR0 = 100u;
  1934     01DE  3064               	movlw	100
  1935     01DF  0081               	movwf	1	;volatile
  1936                           
  1937                           ;main.c: 116:         tick = 1u;
  1938     01E0  3001               	movlw	1
  1939     01E1  00F4               	movwf	_tick	;volatile
  1940     01E2                     i1l75:	
  1941                           ;main.c: 117:     }
  1942                           
  1943                           
  1944                           ;main.c: 119:     if (PIR1bits.RCIF)
  1945     01E2  1E8C               	btfss	12,5	;volatile
  1946     01E3  29E5               	goto	u85_21
  1947     01E4  29E6               	goto	u85_20
  1948     01E5                     u85_21:
  1949     01E5  2A1A               	goto	i1l84
  1950     01E6                     u85_20:
  1951     01E6                     i1l1167:
  1952                           
  1953                           ;main.c: 120:     {;main.c: 121:         if (RCSTAbits.OERR)
  1954     01E6  1C98               	btfss	24,1	;volatile
  1955     01E7  29E9               	goto	u86_21
  1956     01E8  29EA               	goto	u86_20
  1957     01E9                     u86_21:
  1958     01E9  29EC               	goto	i1l1171
  1959     01EA                     u86_20:
  1960     01EA                     i1l1169:
  1961                           
  1962                           ;main.c: 122:         {;main.c: 123:             RCSTAbits.CREN = 0u;
  1963     01EA  1218               	bcf	24,4	;volatile
  1964                           
  1965                           ;main.c: 124:             RCSTAbits.CREN = 1u;
  1966     01EB  1618               	bsf	24,4	;volatile
  1967     01EC                     i1l1171:
  1968                           
  1969                           ;main.c: 126:         char c = (char)RCREG;
  1970     01EC  081A               	movf	26,w	;volatile
  1971     01ED  00A3               	movwf	isr@c
  1972     01EE                     i1l1173:
  1973                           
  1974                           ;main.c: 127:         if (c == '\n' || c == '\r')
  1975     01EE  300A               	movlw	10
  1976     01EF  0623               	xorwf	isr@c,w
  1977     01F0  1903               	btfsc	3,2
  1978     01F1  29F3               	goto	u87_21
  1979     01F2  29F4               	goto	u87_20
  1980     01F3                     u87_21:
  1981     01F3  29FA               	goto	i1l1177
  1982     01F4                     u87_20:
  1983     01F4                     i1l1175:
  1984     01F4  300D               	movlw	13
  1985     01F5  0623               	xorwf	isr@c,w
  1986     01F6  1D03               	btfss	3,2
  1987     01F7  29F9               	goto	u88_21
  1988     01F8  29FA               	goto	u88_20
  1989     01F9                     u88_21:
  1990     01F9  2A07               	goto	i1l1183
  1991     01FA                     u88_20:
  1992     01FA                     i1l1177:
  1993                           
  1994                           ;main.c: 128:         {;main.c: 129:             if (rx_len > 0u && !rx_ready)
  1995     01FA  0870               	movf	_rx_len,w	;volatile
  1996     01FB  1903               	btfsc	3,2
  1997     01FC  29FE               	goto	u89_21
  1998     01FD  29FF               	goto	u89_20
  1999     01FE                     u89_21:
  2000     01FE  2A1A               	goto	i1l84
  2001     01FF                     u89_20:
  2002     01FF                     i1l1179:
  2003     01FF  086F               	movf	_rx_ready,w	;volatile
  2004     0200  1D03               	btfss	3,2
  2005     0201  2A03               	goto	u90_21
  2006     0202  2A04               	goto	u90_20
  2007     0203                     u90_21:
  2008     0203  2A1A               	goto	i1l84
  2009     0204                     u90_20:
  2010     0204                     i1l1181:
  2011                           
  2012                           ;main.c: 130:                 rx_ready = 1u;
  2013     0204  3001               	movlw	1
  2014     0205  00EF               	movwf	_rx_ready	;volatile
  2015     0206  2A1A               	goto	i1l84
  2016     0207                     i1l1183:
  2017     0207  086F               	movf	_rx_ready,w	;volatile
  2018     0208  1D03               	btfss	3,2
  2019     0209  2A0B               	goto	u91_21
  2020     020A  2A0C               	goto	u91_20
  2021     020B                     u91_21:
  2022     020B  2A1A               	goto	i1l84
  2023     020C                     u91_20:
  2024     020C                     i1l1185:
  2025     020C  302F               	movlw	47
  2026     020D  0270               	subwf	_rx_len,w	;volatile
  2027     020E  1803               	skipnc
  2028     020F  2A11               	goto	u92_21
  2029     0210  2A12               	goto	u92_20
  2030     0211                     u92_21:
  2031     0211  2A1A               	goto	i1l84
  2032     0212                     u92_20:
  2033     0212                     i1l1187:
  2034                           
  2035                           ;main.c: 133:         {;main.c: 134:             rx_buf[rx_len++] = c;
  2036     0212  0870               	movf	_rx_len,w
  2037     0213  3EA0               	addlw	(low (_rx_buf| 0))& (0+255)
  2038     0214  0084               	movwf	4
  2039     0215  0823               	movf	isr@c,w
  2040     0216  1383               	bcf	3,7	;select IRP bank1
  2041     0217  0080               	movwf	0
  2042     0218                     i1l1189:
  2043     0218  3001               	movlw	1
  2044     0219  07F0               	addwf	_rx_len,f	;volatile
  2045     021A                     i1l84:
  2046     021A  0822               	movf	??_isr+2,w
  2047     021B  008A               	movwf	10
  2048     021C  0821               	movf	??_isr+1,w
  2049     021D  0084               	movwf	4
  2050     021E  0E20               	swapf	??_isr,w
  2051     021F  0083               	movwf	3
  2052     0220  0EFE               	swapf	btemp,f
  2053     0221  0E7E               	swapf	btemp,w
  2054     0222  0009               	retfie
  2055     0223                     __end_of_isr:
  2056     0001                     ___latbits      equ	1
  2057     007E                     btemp           set	126	;btemp
  2058     007E                     btemp0          set	126
  2059     007F                     btemp1          set	127
  2060     007E                     wtemp0          set	126
  2061     007F                     wtemp0a         set	127
  2062     007F                     ttemp0a         set	127
  2063     0080                     ltemp0a         set	128
  2064                           
  2065                           	psect	intentry
  2066     0004                     __pintentry:	
  2067                           ;incstack = 0
  2068                           ; Regs used in _isr: [wreg-fsr0h+status,2+status,0]
  2069                           
  2070     0004                     interrupt_function:
  2071     007E                     saved_w         set	btemp
  2072     0004  00FE               	movwf	btemp
  2073     0005  0E03               	swapf	3,w
  2074     0006  1283               	bcf	3,5	;RP0=0, select bank0
  2075     0007  1303               	bcf	3,6	;RP1=0, select bank0
  2076     0008  00A0               	movwf	??_isr
  2077     0009  0804               	movf	4,w
  2078     000A  00A1               	movwf	??_isr+1
  2079     000B  080A               	movf	10,w
  2080     000C  00A2               	movwf	??_isr+2
  2081     000D  118A  29D9         	ljmp	_isr
  2082                           
  2083                           	psect	config
  2084                           
  2085                           ;Config register CONFIG @ 0x2007
  2086                           ;	Oscillator Selection bits
  2087                           ;	FOSC = XT, XT oscillator
  2088                           ;	Watchdog Timer Enable bit
  2089                           ;	WDTE = OFF, WDT disabled
  2090                           ;	Power-up Timer Enable bit
  2091                           ;	PWRTE = ON, PWRT enabled
  2092                           ;	Brown-out Reset Enable bit
  2093                           ;	BOREN = ON, BOR enabled
  2094                           ;	Low-Voltage (Single-Supply) In-Circuit Serial Programming Enable bit
  2095                           ;	LVP = OFF, RB3 is digital I/O, HV on MCLR must be used for programming
  2096                           ;	Data EEPROM Memory Code Protection bit
  2097                           ;	CPD = OFF, Data EEPROM code protection off
  2098                           ;	Flash Program Memory Write Enable bits
  2099                           ;	WRT = OFF, Write protection off; all program memory may be written to by EECON control
  2100                           ;	In-Circuit Debugger Mode bit
  2101                           ;	DEBUG = 0x1, unprogrammed default
  2102                           ;	Flash Program Memory Code Protection bit
  2103                           ;	CP = OFF, Code protection off
  2104     2007                     	org	8199
  2105     2007  3F71               	dw	16241

Data Sizes:
    Strings     23
    Constant    0
    Data        4
    BSS         66
    Persistent  0
    Stack       0

Auto Spaces:
    Space          Size  Autos    Used
    COMMON            0      0       0
    BANK0            94     75      89
    BANK1            94      0      56

Pointer List with Targets:

    atoi@s	PTR const unsigned char  size(1) Largest target is 48
		 -> parse_response@local(BANK0[48]), 

    main$239	PTR const unsigned char  size(1) Largest target is 6
		 -> STR_3(CODE[6]), STR_4(CODE[4]), 

    parse_response@p	PTR unsigned char  size(1) Largest target is 48
		 -> parse_response@local(BANK0[48]), 

    uart_puts@s	PTR const unsigned char  size(1) Largest target is 6
		 -> STR_1(CODE[5]), STR_2(CODE[5]), STR_3(CODE[6]), STR_4(CODE[4]), 
		 -> STR_5(CODE[3]), 


Critical Paths under _main in COMMON

    None.

Critical Paths under _isr in COMMON

    None.

Critical Paths under _main in BANK0

    _main->_parse_response
    _update_leds->___lwdiv
    _uart_puts->_uart_putc
    _parse_response->_atoi
    _atoi->___wmul

Critical Paths under _isr in BANK0

    None.

Critical Paths under _main in BANK1

    None.

Critical Paths under _isr in BANK1

    None.

Call Graph Tables:

 ---------------------------------------------------------------------------------
 (Depth) Function   	        Calls       Base Space   Used Autos Params    Refs
 ---------------------------------------------------------------------------------
 (0) _main                                                 5     5      0    1463
                                             70 BANK0      5     5      0
                               _init
                     _parse_response
                          _uart_puts
                        _update_leds
 ---------------------------------------------------------------------------------
 (1) _update_leds                                          6     6      0     303
                                             11 BANK0      6     6      0
                            ___lwdiv
 ---------------------------------------------------------------------------------
 (2) ___lwdiv                                              7     3      4     164
                                              4 BANK0      7     3      4
 ---------------------------------------------------------------------------------
 (1) _uart_puts                                            1     0      1      78
                                              5 BANK0      1     0      1
                          _uart_putc
 ---------------------------------------------------------------------------------
 (2) _uart_putc                                            1     1      0      29
                                              4 BANK0      1     1      0
 ---------------------------------------------------------------------------------
 (1) _parse_response                                      53    53      0     767
                                             17 BANK0     53    53      0
                               _atoi
 ---------------------------------------------------------------------------------
 (2) _atoi                                                 7     5      2     323
                                             10 BANK0      7     5      2
                             ___wmul
 ---------------------------------------------------------------------------------
 (3) ___wmul                                               6     2      4      94
                                              4 BANK0      6     2      4
 ---------------------------------------------------------------------------------
 (1) _init                                                 0     0      0       0
 ---------------------------------------------------------------------------------
 Estimated maximum stack depth 3
 ---------------------------------------------------------------------------------
 (Depth) Function   	        Calls       Base Space   Used Autos Params    Refs
 ---------------------------------------------------------------------------------
 (4) _isr                                                  4     4      0      67
                                              0 BANK0      4     4      0
 ---------------------------------------------------------------------------------
 Estimated maximum stack depth 4
 ---------------------------------------------------------------------------------

 Call Graph Graphs:

 _main (ROOT)
   _init
   _parse_response
     _atoi
       ___wmul
   _uart_puts
     _uart_putc
   _update_leds
     ___lwdiv

 _isr (ROOT)

Address spaces:
Name               Size   Autos  Total    Usage
BANK1               94      0      56     59.6%
BITBANK1            94      0       0      0.0%
BANK0               94     75      89     94.7%
BITBANK0            94      0       0      0.0%
COMMON               0      0       0      0.0%
BITCOMMON            0      0       0      0.0%
DATA                 0      0     145      0.0%
STACK                0      0       0      0.0%


Microchip Technology PIC Macro Assembler V3.10 build 20250813170317 
Symbol Table                                                                                   Fri Jun  5 22:04:12 2026

            _update_leds 0267                        pc 0002                       l61 033A  
                     l70 0336                       l64 0340                       l91 0165  
                     fsr 0004      ___wmul@multiplicand 0026                      l112 02A3  
                    l105 015D                      l115 02CC                      l231 02F3  
                    l128 0082                      l229 02DB                      l701 01D8  
                    l509 0266                      l981 02CD                      l991 02EF  
                    l983 02D1                      l985 02D5                      l987 02E2  
                    l995 033A                      l989 02E9                      l997 033E  
                    l999 0166                      u600 018A                      u601 0189  
                    u530 02D5                      u610 0197                      u531 02D4  
                    u611 0196                      u620 01C3                      u700 0262  
                    u621 01C2                      u701 0261                      u630 01C8  
                    u710 0336                      u631 01C7                      u711 0335  
                    u560 02EF                      u800 0165                      u720 0103  
                    u640 022D                      u561 02EE                      u545 02DC  
                    u801 0164                      u721 0102                      u641 022C  
                    u730 0110                      u570 033E                      u810 0289  
                    u555 02E3                      u731 010F                      u571 033D  
                    u811 0288                      u580 0177                      u740 011E  
                    u660 023D                      u581 0176                      u741 011D  
                    u661 023C                      u590 0182                      u750 0126  
                    u830 02A1                      u591 0181                      u751 0125  
                    u655 0231                      u831 02A0                      u760 012D  
                    u680 024E                      u824 0294                      u761 012C  
                    u681 024D                      u825 0292                      u770 014C  
                    u930 003B                      u771 014B                      u675 023E  
                    u931 003A                      u780 0154                      u940 0049  
                    u781 0153                      u685 024A                      u941 0048  
                    u790 015B                      u950 0056                      u791 015A  
                    u695 0256                      u951 0055                      u970 0068  
                    u971 0067                      u980 0072                      u964 005D  
                    u981 0071                      u965 005B                      u990 008B  
                    u991 008A                      _isr 01D9                      fsr0 0004  
                    indf 0000                     l1001 016C                     l1011 018C  
                   l1003 016E                     l1021 01B8                     l1013 018F  
                   l1005 0177                     l1101 0126                     l1023 01C3  
                   l1007 0182                     l1111 0145                     l1031 0223  
                   l1025 01C8                     l1017 0198                     l1009 018A  
                   l1113 014C                     l1105 012E                     l1041 0239  
                   l1033 0227                     l1121 0267                     l1201 0042  
                   l1027 01D4                     l1115 0154                     l1107 0130  
                   l1051 025C                     l1043 023D                     l1035 022D  
                   l1131 028E                     l1123 0274                     l1211 004F  
                   l1141 02A9                     l1117 015B                     l1109 0143  
                   l1061 0326                     l1045 024E                     l1037 0230  
                   l1053 0262                     l1133 029B                     l1125 0283  
                   l1221 0072                     l1213 0050                     l1205 004A  
                   l1151 02BC                     l1143 02B0                     l1119 015F  
                   l1071 00F0                     l1063 032A                     l1047 0254  
                   l1039 0237                     l1135 02A1                     l1127 0289  
                   l1231 009E                     l1223 0078                     l1207 004B  
                   l1161 02CB                     l1153 02C2                     l1145 02B4  
                   l1137 02A4                     l1081 0105                     l1073 00FB  
                   l1065 00E9                     l1057 031D                     l1049 0255  
                   l1129 028B                     l1241 00BC                     l1233 00A4  
                   l1225 008B                     l1217 0057                     l1209 004D  
                   l1155 02C6                     l1147 02B6                     l1139 02A8  
                   l1083 010A                     l1075 00FD                     l1067 00EA  
                   l1059 031E                     l1243 00C1                     l1235 00B1  
                   l1227 0093                     l1219 0068                     l1157 02C7  
                   l1149 02B8                     l1077 0103                     l1069 00EE  
                   l1237 00B4                     l1229 0098                     l1253 00D8  
                   l1159 02CA                     l1095 0115                     l1087 0111  
                   l1079 0104                     l1255 00E0                     l1239 00B6  
                   l1247 00C5                     l1191 0031                     l1097 0117  
                   l1089 0113                     l1257 00E1                     l1249 00D3  
                   l1193 0034                     l1099 011E                     l1195 003B  
                   l1197 003C                     l1199 003F                     ?_isr 0020  
                   STR_1 030C                     STR_2 0311                     STR_3 0306  
                   STR_4 0316                     STR_5 031A                     u1000 0093  
                   u1001 0092                     u1010 00AA                     u1011 00A8  
                   u1020 00AB                     u1030 00B1                     u1031 00B0  
                   u1040 00E0                     u1041 00DF                     i1l75 01E2  
                   i1l84 021A                     _TMR0 0001                     _atoi 0166  
                   _main 0031                     _init 02A4   __end_of_parse_response 0166  
                   _tick 0074                     btemp 007E                     isr@c 0023  
                   start 000F          parse_response@i 0063          parse_response@p 0065  
                  ??_isr 0020                    ?_atoi 002A                    ?_main 0020  
                  ?_init 0020          __end_of___lwdiv 0267                    _RCREG 001A  
                  _RCSTA 0018                    _SPBRG 0099                    _PORTA 0005  
                  _PORTB 0006                    _PORTC 0007                    _TRISA 0085  
                  _TRISB 0086                    _TRISC 0087                    u90_20 0204  
                  u90_21 0203                    u91_20 020C                    u91_21 020B  
                  u92_20 0212                    u84_20 01DD                    u92_21 0211  
                  u84_21 01DC                    u85_20 01E6                    u85_21 01E5  
                  u86_20 01EA                    u86_21 01E9                    u87_20 01F4  
                  u87_21 01F3                    u88_20 01FA                    u88_21 01F9  
                  u89_20 01FF                    u89_21 01FE                    _TXREG 0019  
                  _TXSTA 0098                    atoi@n 002F                    btemp0 007E  
                  btemp1 007F                    atoi@s 002A                    main@i 006A  
                  pclath 000A                    status 0003                    wtemp0 007E  
        ?_parse_response 0020         parse_response@ch 0064          __initialization 0011  
           __end_of_atoi 01D9             __end_of_main 00E9             __end_of_init 02CD  
           update_leds@i 0030          update_leds@bars 002F                   ??_atoi 002C  
                 ??_main 0066                   ??_init 0000       update_leds@pattern 002E  
                 _ADCON1 009F                   i1l1171 01EC                   i1l1163 01D9  
                 i1l1181 0204                   i1l1173 01EE                   i1l1165 01DD  
                 i1l1183 0207                   i1l1175 01F4                   i1l1167 01E6  
                 i1l1185 020C                   i1l1177 01FA                   i1l1169 01EA  
                 i1l1187 0212                   i1l1179 01FF                   i1l1189 0218  
                 _adc_ch 0072                   _adc_mv 00D0                   ___wmul 02CD  
                 _fan_on 0073                ??___lwdiv 0000                   _rx_buf 00A0  
                 _rx_len 0070                   ltemp0a 0080                   saved_w 007E  
                 ttemp0a 007F                   wtemp0a 007F        parse_response@len 0062  
__end_of__initialization 002E             ?_update_leds 0020           __pcstackCOMMON 0000  
           __pidataBANK0 0349            update_leds@mv 002C               __pbssBANK0 006B  
             __pbssBANK1 00A0               __pmaintext 0031                  ?___wmul 0024  
             __pintentry 0004         ??_parse_response 0031               __stringtab 0300  
                ___lwdiv 0223                  __ptext1 0267                  __ptext2 0223  
                __ptext3 031D                  __ptext4 0337                  __ptext5 00E9  
                __ptext6 0166                  __ptext7 02CD                  __ptext8 02A4  
                __ptext9 01D9                  _btn_cnt 006B                  atoi@neg 002E  
                main@bit 0067                  main@raw 0068                  clrloop0 0342  
   end_of_initialization 002E        __end_of_uart_putc 0341        __end_of_uart_puts 0337  
              _RCSTAbits 0018           __end_of___wmul 02F4      start_initialization 0011  
            __end_of_isr 0223                 ??___wmul 0000              __pdataBANK0 0075  
              ___latbits 0001            __pcstackBANK0 0020                _adc_timer 0071  
       ___lwdiv@dividend 0026                 ?___lwdiv 0024                __pstrings 0300  
              _btn_armed 0075         ___lwdiv@quotient 0028        interrupt_function 0004  
         ___wmul@product 0028                clear_ram0 0341                 _PIE1bits 008C  
               _PIR1bits 000C                _uart_putc 0337                _uart_puts 031D  
             uart_putc@c 0024               uart_puts@s 0025              __stringbase 0305  
      ___wmul@multiplier 0024            ??_update_leds 002B               ?_uart_putc 0020  
             ?_uart_puts 0025       __end_of__stringtab 0306                 _main$239 0069  
        ___lwdiv@divisor 0024          ___lwdiv@counter 002A                 _rx_ready 006F  
    __end_of_update_leds 02A4               _INTCONbits 000B                 intlevel1 0000  
              stringcode 0300              ??_uart_putc 0000              ??_uart_puts 0000  
             _OPTION_REG 0081                 stringdir 0300                 stringtab 0300  
    parse_response@local 0032           _parse_response 00E9  
