

Microchip MPLAB XC8 Assembler V3.10 build 20250813170317 
                                                                                               Fri Jun  5 22:04:26 2026

Microchip MPLAB XC8 C Compiler v3.10 (Free license) build 20250813170317 Og1 
     1                           	processor	16F873A
     2                           	pagewidth 120
     3                           	opt	flic
     4                           	psect	strings,global,class=STRING,space=0,delta=2,noexec
     5                           	psect	cinit,global,class=CODE,space=0,merge=1,delta=2
     6                           	psect	bssBANK0,global,class=BANK0,space=1,delta=1,noexec
     7                           	psect	bssBANK1,global,class=BANK1,space=1,delta=1,noexec
     8                           	psect	clrtext,global,class=CODE,space=0,delta=2
     9                           	psect	cstackCOMMON,global,class=COMMON,space=1,delta=1,noexec
    10                           	psect	cstackBANK0,global,class=BANK0,space=1,delta=1,noexec
    11                           	psect	maintext,global,class=CODE,space=0,split=1,delta=2
    12                           	psect	text1,local,class=CODE,space=0,merge=1,delta=2
    13                           	psect	text2,local,class=CODE,space=0,merge=1,delta=2
    14                           	psect	text3,local,class=CODE,space=0,merge=1,delta=2,group=1
    15                           	psect	text4,local,class=CODE,space=0,merge=1,delta=2
    16                           	psect	text5,local,class=CODE,space=0,merge=1,delta=2
    17                           	psect	text6,local,class=CODE,space=0,merge=1,delta=2
    18                           	psect	text7,local,class=CODE,space=0,merge=1,delta=2,group=1
    19                           	psect	text8,local,class=CODE,space=0,merge=1,delta=2,group=2
    20                           	psect	text9,local,class=CODE,space=0,merge=1,delta=2,group=1
    21                           	psect	text10,local,class=CODE,space=0,merge=1,delta=2
    22                           	psect	text11,local,class=CODE,space=0,merge=1,delta=2,group=1
    23                           	psect	text12,local,class=CODE,space=0,merge=1,delta=2,group=1
    24                           	psect	text13,local,class=CODE,space=0,merge=1,delta=2
    25                           	psect	text14,local,class=CODE,space=0,merge=1,delta=2
    26                           	psect	text15,local,class=CODE,space=0,merge=1,delta=2
    27                           	psect	text16,local,class=CODE,space=0,merge=1,delta=2
    28                           	psect	text17,local,class=CODE,space=0,merge=1,delta=2
    29                           	psect	text18,local,class=CODE,space=0,merge=1,delta=2
    30                           	psect	intentry,global,class=CODE,space=0,delta=2
    31                           	psect	config,global,abs,ovrld,class=CONFIG,space=4,delta=2,noexec
    32                           	dabs	1,0x7E,2
    33     0000                     
    34                           ; Generated 26/03/2025 GMT
    35                           ; 
    36                           ; Copyright © 2025, Microchip Technology Inc. and its subsidiaries ("Microchip")
    37                           ; All rights reserved.
    38                           ; 
    39                           ; This software is developed by Microchip Technology Inc. and its subsidiaries ("Microch
      +                          ip").
    40                           ; 
    41                           ; Redistribution and use in source and binary forms, with or without modification, are
    42                           ; permitted provided that the following conditions are met:
    43                           ; 
    44                           ;     1. Redistributions of source code must retain the above copyright notice, this lis
      +                          t of
    45                           ;        conditions and the following disclaimer.
    46                           ; 
    47                           ;     2. Redistributions in binary form must reproduce the above copyright notice, this 
      +                          list
    48                           ;        of conditions and the following disclaimer in the documentation and/or other
    49                           ;        materials provided with the distribution. Publication is not required when
    50                           ;        this file is used in an embedded application.
    51                           ; 
    52                           ;     3. Microchip's name may not be used to endorse or promote products derived from th
      +                          is
    53                           ;        software without specific prior written permission.
    54                           ; 
    55                           ; THIS SOFTWARE IS PROVIDED BY MICROCHIP "AS IS" AND ANY EXPRESS OR IMPLIED WARRANTIES,
    56                           ; INCLUDING, BUT NOT LIMITED TO, THE IMPLIED WARRANTIES OF MERCHANTABILITY AND FITNESS F
      +                          OR
    57                           ; PURPOSE ARE DISCLAIMED.  IN NO EVENT SHALL MICROCHIP BE LIABLE FOR ANY DIRECT, INDIREC
      +                          T,
    58                           ; INCIDENTAL, SPECIAL, EXEMPLARY, OR CONSEQUENTIAL DAMAGES (INCLUDING BUT NOT LIMITED TO
    59                           ; PROCUREMENT OF SUBSTITUTE GOODS OR SERVICES; LOSS OF USE, DATA OR PROFITS; OR BUSINESS
    60                           ; INTERRUPTION) HOWSOEVER CAUSED AND ON ANY THEORY OF LIABILITY, WHETHER IN CONTRACT, ST
      +                          RICT
    61                           ; LIABILITY, OR TORT (INCLUDING NEGLIGENCE OR OTHERWISE) ARISING IN ANY WAY OUT OF THE U
      +                          SE OF
    62                           ; THIS SOFTWARE, EVEN IF ADVISED OF THE POSSIBILITY OF SUCH DAMAGE.
    63                           ; 
    64                           ; 
    65                           ; Code-generator required, PIC16F873A Definitions
    66                           ; 
    67                           ; SFR Addresses
    68     0004                     fsr             equ	4
    69     0004                     fsr0            equ	4
    70     0000                     indf            equ	0
    71     0000                     indf0           equ	0
    72     0002                     pc              equ	2
    73     0002                     pcl             equ	2
    74     000A                     pclath          equ	10
    75     0003                     status          equ	3
    76     0000                     INDF            equ	0	;# 
    77     0001                     TMR0            equ	1	;# 
    78     0002                     PCL             equ	2	;# 
    79     0003                     STATUS          equ	3	;# 
    80     0004                     FSR             equ	4	;# 
    81     0005                     PORTA           equ	5	;# 
    82     0006                     PORTB           equ	6	;# 
    83     0007                     PORTC           equ	7	;# 
    84     000A                     PCLATH          equ	10	;# 
    85     000B                     INTCON          equ	11	;# 
    86     000C                     PIR1            equ	12	;# 
    87     000D                     PIR2            equ	13	;# 
    88     000E                     TMR1            equ	14	;# 
    89     000E                     TMR1L           equ	14	;# 
    90     000F                     TMR1H           equ	15	;# 
    91     0010                     T1CON           equ	16	;# 
    92     0011                     TMR2            equ	17	;# 
    93     0012                     T2CON           equ	18	;# 
    94     0013                     SSPBUF          equ	19	;# 
    95     0014                     SSPCON          equ	20	;# 
    96     0015                     CCPR1           equ	21	;# 
    97     0015                     CCPR1L          equ	21	;# 
    98     0016                     CCPR1H          equ	22	;# 
    99     0017                     CCP1CON         equ	23	;# 
   100     0018                     RCSTA           equ	24	;# 
   101     0019                     TXREG           equ	25	;# 
   102     001A                     RCREG           equ	26	;# 
   103     001B                     CCPR2           equ	27	;# 
   104     001B                     CCPR2L          equ	27	;# 
   105     001C                     CCPR2H          equ	28	;# 
   106     001D                     CCP2CON         equ	29	;# 
   107     001E                     ADRESH          equ	30	;# 
   108     001F                     ADCON0          equ	31	;# 
   109     0081                     OPTION_REG      equ	129	;# 
   110     0085                     TRISA           equ	133	;# 
   111     0086                     TRISB           equ	134	;# 
   112     0087                     TRISC           equ	135	;# 
   113     008C                     PIE1            equ	140	;# 
   114     008D                     PIE2            equ	141	;# 
   115     008E                     PCON            equ	142	;# 
   116     0091                     SSPCON2         equ	145	;# 
   117     0092                     PR2             equ	146	;# 
   118     0093                     SSPADD          equ	147	;# 
   119     0094                     SSPSTAT         equ	148	;# 
   120     0098                     TXSTA           equ	152	;# 
   121     0099                     SPBRG           equ	153	;# 
   122     009C                     CMCON           equ	156	;# 
   123     009D                     CVRCON          equ	157	;# 
   124     009E                     ADRESL          equ	158	;# 
   125     009F                     ADCON1          equ	159	;# 
   126     010C                     EEDATA          equ	268	;# 
   127     010D                     EEADR           equ	269	;# 
   128     010E                     EEDATH          equ	270	;# 
   129     010F                     EEADRH          equ	271	;# 
   130     018C                     EECON1          equ	396	;# 
   131     018D                     EECON2          equ	397	;# 
   132     0000                     INDF            equ	0	;# 
   133     0001                     TMR0            equ	1	;# 
   134     0002                     PCL             equ	2	;# 
   135     0003                     STATUS          equ	3	;# 
   136     0004                     FSR             equ	4	;# 
   137     0005                     PORTA           equ	5	;# 
   138     0006                     PORTB           equ	6	;# 
   139     0007                     PORTC           equ	7	;# 
   140     000A                     PCLATH          equ	10	;# 
   141     000B                     INTCON          equ	11	;# 
   142     000C                     PIR1            equ	12	;# 
   143     000D                     PIR2            equ	13	;# 
   144     000E                     TMR1            equ	14	;# 
   145     000E                     TMR1L           equ	14	;# 
   146     000F                     TMR1H           equ	15	;# 
   147     0010                     T1CON           equ	16	;# 
   148     0011                     TMR2            equ	17	;# 
   149     0012                     T2CON           equ	18	;# 
   150     0013                     SSPBUF          equ	19	;# 
   151     0014                     SSPCON          equ	20	;# 
   152     0015                     CCPR1           equ	21	;# 
   153     0015                     CCPR1L          equ	21	;# 
   154     0016                     CCPR1H          equ	22	;# 
   155     0017                     CCP1CON         equ	23	;# 
   156     0018                     RCSTA           equ	24	;# 
   157     0019                     TXREG           equ	25	;# 
   158     001A                     RCREG           equ	26	;# 
   159     001B                     CCPR2           equ	27	;# 
   160     001B                     CCPR2L          equ	27	;# 
   161     001C                     CCPR2H          equ	28	;# 
   162     001D                     CCP2CON         equ	29	;# 
   163     001E                     ADRESH          equ	30	;# 
   164     001F                     ADCON0          equ	31	;# 
   165     0081                     OPTION_REG      equ	129	;# 
   166     0085                     TRISA           equ	133	;# 
   167     0086                     TRISB           equ	134	;# 
   168     0087                     TRISC           equ	135	;# 
   169     008C                     PIE1            equ	140	;# 
   170     008D                     PIE2            equ	141	;# 
   171     008E                     PCON            equ	142	;# 
   172     0091                     SSPCON2         equ	145	;# 
   173     0092                     PR2             equ	146	;# 
   174     0093                     SSPADD          equ	147	;# 
   175     0094                     SSPSTAT         equ	148	;# 
   176     0098                     TXSTA           equ	152	;# 
   177     0099                     SPBRG           equ	153	;# 
   178     009C                     CMCON           equ	156	;# 
   179     009D                     CVRCON          equ	157	;# 
   180     009E                     ADRESL          equ	158	;# 
   181     009F                     ADCON1          equ	159	;# 
   182     010C                     EEDATA          equ	268	;# 
   183     010D                     EEADR           equ	269	;# 
   184     010E                     EEDATH          equ	270	;# 
   185     010F                     EEADRH          equ	271	;# 
   186     018C                     EECON1          equ	396	;# 
   187     018D                     EECON2          equ	397	;# 
   188                           
   189                           	psect	strings
   190     043C                     __pstrings:
   191     043C                     stringtab:
   192     043C                     __stringtab:
   193     043C                     stringcode:	
   194                           ;	String table - string pointers are 1 byte each
   195                           
   196     043C                     stringdir:
   197     043C  3004               	movlw	high stringdir
   198     043D  008A               	movwf	10
   199     043E  0804               	movf	4,w
   200     043F  0A84               	incf	4,f
   201     0440  0782               	addwf	2,f
   202     0441                     __stringbase:
   203     0441  3400               	retlw	0
   204     0442                     __end_of__stringtab:
   205     0442                     _STEP_SEQ:
   206     0442  3403               	retlw	3
   207     0443  3406               	retlw	6
   208     0444  340C               	retlw	12
   209     0445  3409               	retlw	9
   210     0446                     __end_of_STEP_SEQ:
   211     0018                     _RCSTA          set	24
   212     0012                     _T2CON          set	18
   213     0007                     _PORTC          set	7
   214     0006                     _PORTB          set	6
   215     0005                     _PORTA          set	5
   216     001A                     _RCREG          set	26
   217     0018                     _RCSTAbits      set	24
   218     0001                     _TMR0           set	1
   219     000B                     _INTCONbits     set	11
   220     0017                     _CCP1CON        set	23
   221     0015                     _CCPR1L         set	21
   222     001E                     _ADRESH         set	30
   223     001F                     _ADCON0bits     set	31
   224     001F                     _ADCON0         set	31
   225     0019                     _TXREG          set	25
   226     000C                     _PIR1bits       set	12
   227     008C                     _PIE1bits       set	140
   228     0081                     _OPTION_REG     set	129
   229     0098                     _TXSTA          set	152
   230     0099                     _SPBRG          set	153
   231     0092                     _PR2            set	146
   232     009F                     _ADCON1         set	159
   233     0087                     _TRISC          set	135
   234     0086                     _TRISB          set	134
   235     0085                     _TRISA          set	133
   236     009E                     _ADRESL         set	158
   237     0446                     STR_2:
   238     0446  342C               	retlw	44	;','
   239     0447  3456               	retlw	86	;'V'
   240     0448  3431               	retlw	49	;'1'
   241     0449  343A               	retlw	58	;':'
   242     044A  3400               	retlw	0
   243     044B                     STR_3:
   244     044B  342C               	retlw	44	;','
   245     044C  3456               	retlw	86	;'V'
   246     044D  3432               	retlw	50	;'2'
   247     044E  343A               	retlw	58	;':'
   248     044F  3400               	retlw	0
   249     0450                     STR_4:
   250     0450  342C               	retlw	44	;','
   251     0451  3456               	retlw	86	;'V'
   252     0452  3433               	retlw	51	;'3'
   253     0453  343A               	retlw	58	;':'
   254     0454  3400               	retlw	0
   255     0455                     STR_5:
   256     0455  344F               	retlw	79	;'O'
   257     0456  344B               	retlw	75	;'K'
   258     0457  340A               	retlw	10
   259     0458  3400               	retlw	0
   260     0459                     STR_1:
   261     0459  3456               	retlw	86	;'V'
   262     045A  3430               	retlw	48	;'0'
   263     045B  343A               	retlw	58	;':'
   264     045C  3400               	retlw	0
   265                           
   266                           	psect	cinit
   267     0011                     start_initialization:	
   268                           ; #config settings
   269                           
   270     0011                     __initialization:
   271                           
   272                           ; Clear objects allocated to BANK0
   273     0011  1383               	bcf	3,7	;select IRP bank0
   274     0012  306D               	movlw	low __pbssBANK0
   275     0013  0084               	movwf	4
   276     0014  3073               	movlw	low (__pbssBANK0+6)
   277     0015  118A  24BA  118A   	fcall	clear_ram0
   278                           
   279                           ; Clear objects allocated to BANK1
   280     0018  30A0               	movlw	low __pbssBANK1
   281     0019  0084               	movwf	4
   282     001A  30B8               	movlw	low (__pbssBANK1+24)
   283     001B  118A  24BA  118A   	fcall	clear_ram0
   284     001E                     end_of_initialization:	
   285                           ;End of C runtime variable initialization code
   286                           
   287     001E                     __end_of__initialization:
   288     001E  0183               	clrf	3
   289     001F  118A  2907         	ljmp	_main	;jump to C main() function
   290                           
   291                           	psect	bssBANK0
   292     006D                     __pbssBANK0:
   293     006D                     _step_count:
   294     006D                     	ds	2
   295     006F                     _cmd_len:
   296     006F                     	ds	1
   297     0070                     _cmd_ready:
   298     0070                     	ds	1
   299     0071                     _step_idx:
   300     0071                     	ds	1
   301     0072                     _step_tick:
   302     0072                     	ds	1
   303                           
   304                           	psect	bssBANK1
   305     00A0                     __pbssBANK1:
   306     00A0                     _cmd_buf:
   307     00A0                     	ds	24
   308                           
   309                           	psect	clrtext
   310     04BA                     clear_ram0:	
   311                           ;	Called with FSR containing the base address, and
   312                           ;	W with the last address+1
   313                           
   314     04BA  0064               	clrwdt	;clear the watchdog before getting into this loop
   315     04BB                     clrloop0:
   316     04BB  0180               	clrf	0	;clear RAM location pointed to by FSR
   317     04BC  0A84               	incf	4,f	;increment pointer
   318     04BD  0604               	xorwf	4,w	;XOR with final address
   319     04BE  1903               	btfsc	3,2	;have we reached the end yet?
   320     04BF  3400               	retlw	0	;all done for this memory range, return
   321     04C0  0604               	xorwf	4,w	;XOR again to restore value
   322     04C1  2CBB               	goto	clrloop0	;do the next byte
   323                           
   324                           	psect	cstackCOMMON
   325     0000                     __pcstackCOMMON:
   326     0000                     ??_uart_putc:
   327     0000                     ??_uart_puts:	
   328                           ; 1 bytes @ 0x0
   329                           
   330     0000                     ??_uart_putu:	
   331                           ; 1 bytes @ 0x0
   332                           
   333     0000                     ??_init_ports:	
   334                           ; 1 bytes @ 0x0
   335                           
   336     0000                     ??_init_adc:	
   337                           ; 1 bytes @ 0x0
   338                           
   339     0000                     ??_init_pwm:	
   340                           ; 1 bytes @ 0x0
   341                           
   342     0000                     ??_init_uart:	
   343                           ; 1 bytes @ 0x0
   344                           
   345     0000                     ??_init_timer0:	
   346                           ; 1 bytes @ 0x0
   347                           
   348     0000                     ??___wmul:	
   349                           ; 1 bytes @ 0x0
   350                           
   351     0000                     ??___lwdiv:	
   352                           ; 1 bytes @ 0x0
   353                           
   354     0000                     ??___lwmod:	
   355                           ; 1 bytes @ 0x0
   356                           
   357                           
   358                           	psect	cstackBANK0
   359     0020                     __pcstackBANK0:	
   360                           ; 1 bytes @ 0x0
   361                           
   362     0020                     ?_uart_putc:
   363     0020                     ?_fan_set_pct:	
   364                           ; 1 bytes @ 0x0
   365                           
   366     0020                     ?_isr:	
   367                           ; 1 bytes @ 0x0
   368                           
   369     0020                     ?_process_cmd:	
   370                           ; 1 bytes @ 0x0
   371                           
   372     0020                     ?_init_ports:	
   373                           ; 1 bytes @ 0x0
   374                           
   375     0020                     ?_init_adc:	
   376                           ; 1 bytes @ 0x0
   377                           
   378     0020                     ?_init_pwm:	
   379                           ; 1 bytes @ 0x0
   380                           
   381     0020                     ?_init_uart:	
   382                           ; 1 bytes @ 0x0
   383                           
   384     0020                     ?_init_timer0:	
   385                           ; 1 bytes @ 0x0
   386                           
   387     0020                     ?_main:	
   388                           ; 1 bytes @ 0x0
   389                           
   390     0020                     ??_isr:	
   391                           ; 1 bytes @ 0x0
   392                           
   393                           
   394                           ; 1 bytes @ 0x0
   395     0020                     	ds	3
   396     0023                     isr@c:
   397                           
   398                           ; 1 bytes @ 0x3
   399     0023                     	ds	1
   400     0024                     ?_adc_read:
   401     0024                     ?___wmul:	
   402                           ; 2 bytes @ 0x4
   403                           
   404     0024                     ?___lwmod:	
   405                           ; 2 bytes @ 0x4
   406                           
   407     0024                     uart_putc@c:	
   408                           ; 2 bytes @ 0x4
   409                           
   410     0024                     ___wmul@multiplier:	
   411                           ; 1 bytes @ 0x4
   412                           
   413     0024                     ___lwmod@divisor:	
   414                           ; 2 bytes @ 0x4
   415                           
   416                           
   417                           ; 2 bytes @ 0x4
   418     0024                     	ds	1
   419     0025                     ?_uart_puts:
   420     0025                     uart_puts@s:	
   421                           ; 1 bytes @ 0x5
   422                           
   423                           
   424                           ; 1 bytes @ 0x5
   425     0025                     	ds	1
   426     0026                     ___wmul@multiplicand:
   427     0026                     ___lwmod@dividend:	
   428                           ; 2 bytes @ 0x6
   429                           
   430     0026                     ??_adc_read:	
   431                           ; 2 bytes @ 0x6
   432                           
   433                           
   434                           ; 1 bytes @ 0x6
   435     0026                     	ds	1
   436     0027                     adc_read@ch:
   437                           
   438                           ; 1 bytes @ 0x7
   439     0027                     	ds	1
   440     0028                     ?___lmul:
   441     0028                     ___lwmod@counter:	
   442                           ; 4 bytes @ 0x8
   443                           
   444     0028                     ___wmul@product:	
   445                           ; 1 bytes @ 0x8
   446                           
   447     0028                     ___lmul@multiplier:	
   448                           ; 2 bytes @ 0x8
   449                           
   450                           
   451                           ; 4 bytes @ 0x8
   452     0028                     	ds	2
   453     002A                     ?_atoi:
   454     002A                     ?___lwdiv:	
   455                           ; 2 bytes @ 0xA
   456                           
   457     002A                     atoi@s:	
   458                           ; 2 bytes @ 0xA
   459                           
   460     002A                     ___lwdiv@divisor:	
   461                           ; 1 bytes @ 0xA
   462                           
   463                           
   464                           ; 2 bytes @ 0xA
   465     002A                     	ds	2
   466     002C                     ___lwdiv@dividend:
   467     002C                     ___lmul@multiplicand:	
   468                           ; 2 bytes @ 0xC
   469                           
   470     002C                     ??_atoi:	
   471                           ; 4 bytes @ 0xC
   472                           
   473                           
   474                           ; 1 bytes @ 0xC
   475     002C                     	ds	2
   476     002E                     atoi@neg:
   477     002E                     ___lwdiv@quotient:	
   478                           ; 1 bytes @ 0xE
   479                           
   480                           
   481                           ; 2 bytes @ 0xE
   482     002E                     	ds	1
   483     002F                     atoi@n:
   484                           
   485                           ; 2 bytes @ 0xF
   486     002F                     	ds	1
   487     0030                     ___lwdiv@counter:
   488     0030                     ??___lmul:	
   489                           ; 1 bytes @ 0x10
   490                           
   491                           
   492                           ; 1 bytes @ 0x10
   493     0030                     	ds	1
   494     0031                     ?_uart_putu:
   495     0031                     uart_putu@v:	
   496                           ; 1 bytes @ 0x11
   497                           
   498     0031                     ___lmul@product:	
   499                           ; 2 bytes @ 0x11
   500                           
   501     0031                     ??_fan_set_pct:	
   502                           ; 4 bytes @ 0x11
   503                           
   504                           
   505                           ; 1 bytes @ 0x11
   506     0031                     	ds	2
   507     0033                     fan_set_pct@pct:
   508     0033                     uart_putu@buf:	
   509                           ; 1 bytes @ 0x13
   510                           
   511                           
   512                           ; 6 bytes @ 0x13
   513     0033                     	ds	1
   514     0034                     fan_set_pct@duty:
   515                           
   516                           ; 2 bytes @ 0x14
   517     0034                     	ds	1
   518     0035                     ?___lldiv:
   519     0035                     ___lldiv@divisor:	
   520                           ; 4 bytes @ 0x15
   521                           
   522                           
   523                           ; 4 bytes @ 0x15
   524     0035                     	ds	4
   525     0039                     uart_putu@i:
   526     0039                     ___lldiv@dividend:	
   527                           ; 1 bytes @ 0x19
   528                           
   529                           
   530                           ; 4 bytes @ 0x19
   531     0039                     	ds	4
   532     003D                     ??___lldiv:
   533                           
   534                           ; 1 bytes @ 0x1D
   535     003D                     	ds	1
   536     003E                     ___lldiv@quotient:
   537                           
   538                           ; 4 bytes @ 0x1E
   539     003E                     	ds	4
   540     0042                     ___lldiv@counter:
   541                           
   542                           ; 1 bytes @ 0x22
   543     0042                     	ds	1
   544     0043                     ??_process_cmd:
   545                           
   546                           ; 1 bytes @ 0x23
   547     0043                     	ds	5
   548     0048                     process_cmd@local:
   549                           
   550                           ; 24 bytes @ 0x28
   551     0048                     	ds	24
   552     0060                     process_cmd@mv:
   553                           
   554                           ; 8 bytes @ 0x40
   555     0060                     	ds	8
   556     0068                     process_cmd@len:
   557                           
   558                           ; 1 bytes @ 0x48
   559     0068                     	ds	1
   560     0069                     process_cmd@pct:
   561                           
   562                           ; 1 bytes @ 0x49
   563     0069                     	ds	1
   564     006A                     process_cmd@i:
   565                           
   566                           ; 1 bytes @ 0x4A
   567     006A                     	ds	1
   568     006B                     process_cmd@i_278:
   569                           
   570                           ; 1 bytes @ 0x4B
   571     006B                     	ds	1
   572     006C                     ??_main:
   573                           
   574                           ; 1 bytes @ 0x4C
   575     006C                     	ds	1
   576                           
   577                           	psect	maintext
   578     0107                     __pmaintext:	
   579 ;;
   580 ;;Main: autosize = 0, tempsize = 1, incstack = 0, save=0
   581 ;;
   582 ;; *************** function _main *****************
   583 ;; Defined at:
   584 ;;		line 279 in file "main.c"
   585 ;; Parameters:    Size  Location     Type
   586 ;;		None
   587 ;; Auto vars:     Size  Location     Type
   588 ;;		None
   589 ;; Return value:  Size  Location     Type
   590 ;;                  1    wreg      void 
   591 ;; Registers used:
   592 ;;		wreg, fsr0l, fsr0h, status,2, status,0, pclath, btemp1, cstack
   593 ;; Tracked objects:
   594 ;;		On entry : B00/0
   595 ;;		On exit  : 0/0
   596 ;;		Unchanged: 0/0
   597 ;; Data sizes:     COMMON   BANK0   BANK1
   598 ;;      Params:         0       0       0
   599 ;;      Locals:         0       0       0
   600 ;;      Temps:          0       1       0
   601 ;;      Totals:         0       1       0
   602 ;;Total ram usage:        1 bytes
   603 ;; Hardware stack levels required when called: 4
   604 ;; This function calls:
   605 ;;		_init_adc
   606 ;;		_init_ports
   607 ;;		_init_pwm
   608 ;;		_init_timer0
   609 ;;		_init_uart
   610 ;;		_process_cmd
   611 ;;		_uart_puts
   612 ;; This function is called by:
   613 ;;		Startup code after reset
   614 ;; This function uses a non-reentrant model
   615 ;;
   616                           
   617     0107                     _main:	
   618                           ;psect for function _main
   619                           
   620     0107                     l1292:	
   621                           ;incstack = 0
   622                           ; Regs used in _main: [wreg-fsr0h+status,2+status,0+pclath+btemp1+cstack]
   623                           
   624                           
   625                           ;main.c: 281:     init_ports();
   626     0107  118A  2477  118A   	fcall	_init_ports
   627                           
   628                           ;main.c: 282:     init_adc();
   629     010A  118A  24B1  118A   	fcall	_init_adc
   630                           
   631                           ;main.c: 283:     init_pwm();
   632     010D  118A  2490  118A   	fcall	_init_pwm
   633                           
   634                           ;main.c: 284:     init_uart();
   635     0110  118A  249C  118A   	fcall	_init_uart
   636     0113                     l1294:
   637                           
   638                           ;main.c: 285:     init_timer0();
   639     0113  118A  2484  118A   	fcall	_init_timer0
   640     0116                     l1296:
   641                           
   642                           ;main.c: 287:     PIE1bits.RCIE = 1u;
   643     0116  1683               	bsf	3,5	;RP0=1, select bank1
   644     0117  1303               	bcf	3,6	;RP1=0, select bank1
   645     0118  168C               	bsf	12,5	;volatile
   646     0119                     l1298:
   647                           
   648                           ;main.c: 288:     INTCONbits.PEIE = 1u;
   649     0119  170B               	bsf	11,6	;volatile
   650     011A                     l1300:
   651                           
   652                           ;main.c: 289:     INTCONbits.GIE = 1u;
   653     011A  178B               	bsf	11,7	;volatile
   654     011B                     l1302:
   655                           
   656                           ;main.c: 291:     uart_puts("OK\n");
   657     011B  3014               	movlw	(low ((STR_5-__stringbase)| (0+32768)))& (0+255)
   658     011C  1283               	bcf	3,5	;RP0=0, select bank0
   659     011D  1303               	bcf	3,6	;RP1=0, select bank0
   660     011E  00A5               	movwf	uart_puts@s
   661     011F  118A  245D  118A   	fcall	_uart_puts
   662     0122                     l1304:
   663                           
   664                           ;main.c: 294:     {;main.c: 296:         if (cmd_ready)
   665     0122  1283               	bcf	3,5	;RP0=0, select bank0
   666     0123  1303               	bcf	3,6	;RP1=0, select bank0
   667     0124  0870               	movf	_cmd_ready,w	;volatile
   668     0125  1903               	btfsc	3,2
   669     0126  2928               	goto	u1151
   670     0127  2929               	goto	u1150
   671     0128                     u1151:
   672     0128  292D               	goto	l1310
   673     0129                     u1150:
   674     0129                     l1306:
   675                           
   676                           ;main.c: 297:         {;main.c: 298:             cmd_ready = 0u;
   677     0129  01F0               	clrf	_cmd_ready	;volatile
   678     012A                     l1308:
   679                           
   680                           ;main.c: 299:             process_cmd();
   681     012A  118A  2021  118A   	fcall	_process_cmd
   682     012D                     l1310:
   683                           
   684                           ;main.c: 303:         if (step_tick)
   685     012D  1283               	bcf	3,5	;RP0=0, select bank0
   686     012E  1303               	bcf	3,6	;RP1=0, select bank0
   687     012F  0872               	movf	_step_tick,w	;volatile
   688     0130  1903               	btfsc	3,2
   689     0131  2933               	goto	u1161
   690     0132  2934               	goto	u1160
   691     0133                     u1161:
   692     0133  2922               	goto	l1304
   693     0134                     u1160:
   694     0134                     l1312:
   695                           
   696                           ;main.c: 304:         {;main.c: 305:             step_tick = 0u;
   697     0134  01F2               	clrf	_step_tick	;volatile
   698     0135                     l1314:
   699                           
   700                           ;main.c: 307:             if (step_count > 0)
   701     0135  086E               	movf	_step_count+1,w
   702     0136  3A80               	xorlw	128
   703     0137  00FF               	movwf	btemp1
   704     0138  3080               	movlw	128
   705     0139  027F               	subwf	btemp1,w
   706     013A  1D03               	skipz
   707     013B  293E               	goto	u1175
   708     013C  3001               	movlw	1
   709     013D  026D               	subwf	_step_count,w
   710     013E                     u1175:
   711     013E  1C03               	skipc
   712     013F  2941               	goto	u1171
   713     0140  2942               	goto	u1170
   714     0141                     u1171:
   715     0141  295B               	goto	l156
   716     0142                     u1170:
   717     0142                     l1316:
   718                           
   719                           ;main.c: 308:             {;main.c: 309:                 step_idx = (step_idx + 1u) & 0x
      +                          03u;
   720     0142  1283               	bcf	3,5	;RP0=0, select bank0
   721     0143  1303               	bcf	3,6	;RP1=0, select bank0
   722     0144  0871               	movf	_step_idx,w
   723     0145  3E01               	addlw	1
   724     0146  00F1               	movwf	_step_idx
   725     0147  3003               	movlw	3
   726     0148  05F1               	andwf	_step_idx,f
   727     0149                     l1318:
   728                           
   729                           ;main.c: 310:                 PORTB = (PORTB & 0xF0u) | STEP_SEQ[step_idx];
   730     0149  0871               	movf	_step_idx,w
   731     014A  3E01               	addlw	low ((_STEP_SEQ-__stringbase)| (0+32768))
   732     014B  0084               	movwf	4
   733     014C  118A  243C  118A   	fcall	stringdir
   734     014F  00EC               	movwf	??_main
   735     0150  0806               	movf	6,w	;volatile
   736     0151  39F0               	andlw	240
   737     0152  046C               	iorwf	??_main,w
   738     0153  0086               	movwf	6	;volatile
   739     0154                     l1320:
   740                           
   741                           ;main.c: 311:                 step_count--;
   742     0154  30FF               	movlw	255
   743     0155  07ED               	addwf	_step_count,f
   744     0156  1803               	skipnc
   745     0157  0AEE               	incf	_step_count+1,f
   746     0158  30FF               	movlw	255
   747     0159  07EE               	addwf	_step_count+1,f
   748                           
   749                           ;main.c: 312:             }
   750     015A  2922               	goto	l1304
   751     015B                     l156:	
   752                           ;main.c: 313:             else if (step_count < 0)
   753                           
   754     015B  1283               	bcf	3,5	;RP0=0, select bank0
   755     015C  1303               	bcf	3,6	;RP1=0, select bank0
   756     015D  1FEE               	btfss	_step_count+1,7
   757     015E  2960               	goto	u1181
   758     015F  2961               	goto	u1180
   759     0160                     u1181:
   760     0160  2922               	goto	l1304
   761     0161                     u1180:
   762     0161                     l1322:
   763                           
   764                           ;main.c: 314:             {;main.c: 315:                 step_idx = (step_idx + 3u) & 0x
      +                          03u;
   765     0161  0871               	movf	_step_idx,w
   766     0162  3E03               	addlw	3
   767     0163  00F1               	movwf	_step_idx
   768     0164  3003               	movlw	3
   769     0165  05F1               	andwf	_step_idx,f
   770     0166                     l1324:
   771                           
   772                           ;main.c: 316:                 PORTB = (PORTB & 0xF0u) | STEP_SEQ[step_idx];
   773     0166  0871               	movf	_step_idx,w
   774     0167  3E01               	addlw	low ((_STEP_SEQ-__stringbase)| (0+32768))
   775     0168  0084               	movwf	4
   776     0169  118A  243C  118A   	fcall	stringdir
   777     016C  00EC               	movwf	??_main
   778     016D  0806               	movf	6,w	;volatile
   779     016E  39F0               	andlw	240
   780     016F  046C               	iorwf	??_main,w
   781     0170  0086               	movwf	6	;volatile
   782     0171                     l1326:
   783                           
   784                           ;main.c: 317:                 step_count++;
   785     0171  3001               	movlw	1
   786     0172  07ED               	addwf	_step_count,f
   787     0173  1803               	skipnc
   788     0174  0AEE               	incf	_step_count+1,f
   789     0175  3000               	movlw	0
   790     0176  07EE               	addwf	_step_count+1,f
   791     0177  2922               	goto	l1304
   792     0178  118A  280F         	ljmp	start
   793     017A                     __end_of_main:
   794                           
   795                           	psect	text1
   796     0021                     __ptext1:	
   797 ;; *************** function _process_cmd *****************
   798 ;; Defined at:
   799 ;;		line 174 in file "main.c"
   800 ;; Parameters:    Size  Location     Type
   801 ;;		None
   802 ;; Auto vars:     Size  Location     Type
   803 ;;  i               1   75[BANK0 ] unsigned char 
   804 ;;  pct             1   73[BANK0 ] unsigned char 
   805 ;;  mv              8   64[BANK0 ] unsigned short [4]
   806 ;;  i               1   74[BANK0 ] unsigned char 
   807 ;;  local          24   40[BANK0 ] unsigned char [24]
   808 ;;  len             1   72[BANK0 ] unsigned char 
   809 ;; Return value:  Size  Location     Type
   810 ;;                  1    wreg      void 
   811 ;; Registers used:
   812 ;;		wreg, fsr0l, fsr0h, status,2, status,0, pclath, cstack
   813 ;; Tracked objects:
   814 ;;		On entry : 0/0
   815 ;;		On exit  : 0/0
   816 ;;		Unchanged: 0/0
   817 ;; Data sizes:     COMMON   BANK0   BANK1
   818 ;;      Params:         0       0       0
   819 ;;      Locals:         0      36       0
   820 ;;      Temps:          0       5       0
   821 ;;      Totals:         0      41       0
   822 ;;Total ram usage:       41 bytes
   823 ;; Hardware stack levels used: 1
   824 ;; Hardware stack levels required when called: 3
   825 ;; This function calls:
   826 ;;		___lldiv
   827 ;;		___lmul
   828 ;;		_adc_read
   829 ;;		_atoi
   830 ;;		_fan_set_pct
   831 ;;		_uart_putc
   832 ;;		_uart_puts
   833 ;;		_uart_putu
   834 ;; This function is called by:
   835 ;;		_main
   836 ;; This function uses a non-reentrant model
   837 ;;
   838                           
   839     0021                     _process_cmd:	
   840                           ;psect for function _process_cmd
   841                           
   842     0021                     l1216:	
   843                           ;incstack = 0
   844                           ; Regs used in _process_cmd: [wreg-fsr0h+status,2+status,0+pclath+cstack]
   845                           
   846                           
   847                           ;main.c: 176:     char local[24u];;main.c: 177:     uint8_t len;;main.c: 181:     INTCON
      +                          bits.GIE = 0u;
   848     0021  138B               	bcf	11,7	;volatile
   849     0022                     l1218:
   850                           
   851                           ;main.c: 182:     len = cmd_len;
   852     0022  1283               	bcf	3,5	;RP0=0, select bank0
   853     0023  1303               	bcf	3,6	;RP1=0, select bank0
   854     0024  086F               	movf	_cmd_len,w	;volatile
   855     0025  00E8               	movwf	process_cmd@len
   856     0026                     l1220:
   857                           
   858                           ;main.c: 183:     for (uint8_t i = 0u; i < len; i++) local[i] = cmd_buf[i];
   859     0026  01EA               	clrf	process_cmd@i
   860     0027  2835               	goto	l1226
   861     0028                     l1222:
   862     0028  086A               	movf	process_cmd@i,w
   863     0029  3EA0               	addlw	(low (_cmd_buf| 0))& (0+255)
   864     002A  0084               	movwf	4
   865     002B  1383               	bcf	3,7	;select IRP bank1
   866     002C  0800               	movf	0,w
   867     002D  00C3               	movwf	??_process_cmd
   868     002E  086A               	movf	process_cmd@i,w
   869     002F  3E48               	addlw	(low (process_cmd@local| 0))& (0+255)
   870     0030  0084               	movwf	4
   871     0031  0843               	movf	??_process_cmd,w
   872     0032  0080               	movwf	0
   873     0033                     l1224:
   874     0033  3001               	movlw	1
   875     0034  07EA               	addwf	process_cmd@i,f
   876     0035                     l1226:
   877     0035  0868               	movf	process_cmd@len,w
   878     0036  026A               	subwf	process_cmd@i,w
   879     0037  1C03               	skipc
   880     0038  283A               	goto	u1031
   881     0039  283B               	goto	u1030
   882     003A                     u1031:
   883     003A  2828               	goto	l1222
   884     003B                     u1030:
   885     003B                     l1228:
   886                           
   887                           ;main.c: 184:     cmd_len = 0u;
   888     003B  01EF               	clrf	_cmd_len	;volatile
   889     003C                     l1230:
   890                           
   891                           ;main.c: 185:     INTCONbits.GIE = 1u;
   892     003C  178B               	bsf	11,7	;volatile
   893     003D                     l1232:
   894                           
   895                           ;main.c: 187:     local[len] = '\0';
   896     003D  0868               	movf	process_cmd@len,w
   897     003E  3E48               	addlw	(low (process_cmd@local| 0))& (0+255)
   898     003F  0084               	movwf	4
   899     0040  1383               	bcf	3,7	;select IRP bank0
   900     0041  0180               	clrf	0
   901                           
   902                           ;main.c: 189:     switch (local[0])
   903     0042  28F2               	goto	l1262
   904     0043                     l1234:
   905                           
   906                           ;main.c: 193:         {;main.c: 194:             uint16_t mv[4];;main.c: 195:           
      +                            for (uint8_t i = 0u; i < 4u; i++)
   907     0043  01EB               	clrf	process_cmd@i_278
   908     0044                     l1240:
   909                           
   910                           ;main.c: 197:                 mv[i] = (uint16_t)(((uint32_t)adc_read(i) * 5000uL) / 1023
      +                          uL);
   911     0044  3000               	movlw	0
   912     0045  00B8               	movwf	___lldiv@divisor+3
   913     0046  3000               	movlw	0
   914     0047  00B7               	movwf	___lldiv@divisor+2
   915     0048  3003               	movlw	3
   916     0049  00B6               	movwf	___lldiv@divisor+1
   917     004A  30FF               	movlw	255
   918     004B  00B5               	movwf	___lldiv@divisor
   919     004C  086B               	movf	process_cmd@i_278,w
   920     004D  118A  2416  118A   	fcall	_adc_read
   921     0050  1283               	bcf	3,5	;RP0=0, select bank0
   922     0051  1303               	bcf	3,6	;RP1=0, select bank0
   923     0052  0824               	movf	?_adc_read,w
   924     0053  00C3               	movwf	??_process_cmd
   925     0054  0825               	movf	?_adc_read+1,w
   926     0055  00C4               	movwf	??_process_cmd+1
   927     0056  01C5               	clrf	??_process_cmd+2
   928     0057  01C6               	clrf	??_process_cmd+3
   929     0058  0846               	movf	??_process_cmd+3,w
   930     0059  00AB               	movwf	___lmul@multiplier+3
   931     005A  0845               	movf	??_process_cmd+2,w
   932     005B  00AA               	movwf	___lmul@multiplier+2
   933     005C  0844               	movf	??_process_cmd+1,w
   934     005D  00A9               	movwf	___lmul@multiplier+1
   935     005E  0843               	movf	??_process_cmd,w
   936     005F  00A8               	movwf	___lmul@multiplier
   937     0060  3000               	movlw	0
   938     0061  00AF               	movwf	___lmul@multiplicand+3
   939     0062  3000               	movlw	0
   940     0063  00AE               	movwf	___lmul@multiplicand+2
   941     0064  3013               	movlw	19
   942     0065  00AD               	movwf	___lmul@multiplicand+1
   943     0066  3088               	movlw	136
   944     0067  00AC               	movwf	___lmul@multiplicand
   945     0068  118A  22EB  118A   	fcall	___lmul
   946     006B  1283               	bcf	3,5	;RP0=0, select bank0
   947     006C  1303               	bcf	3,6	;RP1=0, select bank0
   948     006D  082B               	movf	?___lmul+3,w
   949     006E  00BC               	movwf	___lldiv@dividend+3
   950     006F  082A               	movf	?___lmul+2,w
   951     0070  00BB               	movwf	___lldiv@dividend+2
   952     0071  0829               	movf	?___lmul+1,w
   953     0072  00BA               	movwf	___lldiv@dividend+1
   954     0073  0828               	movf	?___lmul,w
   955     0074  00B9               	movwf	___lldiv@dividend
   956     0075  118A  21ED  118A   	fcall	___lldiv
   957     0078  1283               	bcf	3,5	;RP0=0, select bank0
   958     0079  1303               	bcf	3,6	;RP1=0, select bank0
   959     007A  086B               	movf	process_cmd@i_278,w
   960     007B  00C7               	movwf	??_process_cmd+4
   961     007C  0747               	addwf	??_process_cmd+4,w
   962     007D  3E60               	addlw	(low (process_cmd@mv| 0))& (0+255)
   963     007E  0084               	movwf	4
   964     007F  0835               	movf	?___lldiv,w
   965     0080  1383               	bcf	3,7	;select IRP bank0
   966     0081  0080               	movwf	0
   967     0082  0A84               	incf	4,f
   968     0083  0836               	movf	?___lldiv+1,w
   969     0084  0080               	movwf	0
   970     0085                     l1242:
   971     0085  3001               	movlw	1
   972     0086  07EB               	addwf	process_cmd@i_278,f
   973     0087                     l1244:
   974     0087  3004               	movlw	4
   975     0088  026B               	subwf	process_cmd@i_278,w
   976     0089  1C03               	skipc
   977     008A  288C               	goto	u1041
   978     008B  288D               	goto	u1040
   979     008C                     u1041:
   980     008C  2844               	goto	l1240
   981     008D                     u1040:
   982     008D                     l1246:
   983                           
   984                           ;main.c: 199:             uart_puts("V0:"); uart_putu(mv[0]);
   985     008D  3018               	movlw	(low ((STR_1-__stringbase)| (0+32768)))& (0+255)
   986     008E  00A5               	movwf	uart_puts@s
   987     008F  118A  245D  118A   	fcall	_uart_puts
   988     0092  1283               	bcf	3,5	;RP0=0, select bank0
   989     0093  1303               	bcf	3,6	;RP1=0, select bank0
   990     0094  0861               	movf	process_cmd@mv+1,w
   991     0095  00B2               	movwf	uart_putu@v+1
   992     0096  0860               	movf	process_cmd@mv,w
   993     0097  00B1               	movwf	uart_putu@v
   994     0098  118A  2253  118A   	fcall	_uart_putu
   995                           
   996                           ;main.c: 200:             uart_puts(",V1:"); uart_putu(mv[1]);
   997     009B  3005               	movlw	(low ((STR_2-__stringbase)| (0+32768)))& (0+255)
   998     009C  1283               	bcf	3,5	;RP0=0, select bank0
   999     009D  1303               	bcf	3,6	;RP1=0, select bank0
  1000     009E  00A5               	movwf	uart_puts@s
  1001     009F  118A  245D  118A   	fcall	_uart_puts
  1002     00A2  1283               	bcf	3,5	;RP0=0, select bank0
  1003     00A3  1303               	bcf	3,6	;RP1=0, select bank0
  1004     00A4  0863               	movf	process_cmd@mv+3,w
  1005     00A5  00B2               	movwf	uart_putu@v+1
  1006     00A6  0862               	movf	process_cmd@mv+2,w
  1007     00A7  00B1               	movwf	uart_putu@v
  1008     00A8  118A  2253  118A   	fcall	_uart_putu
  1009                           
  1010                           ;main.c: 201:             uart_puts(",V2:"); uart_putu(mv[2]);
  1011     00AB  300A               	movlw	(low ((STR_3-__stringbase)| (0+32768)))& (0+255)
  1012     00AC  1283               	bcf	3,5	;RP0=0, select bank0
  1013     00AD  1303               	bcf	3,6	;RP1=0, select bank0
  1014     00AE  00A5               	movwf	uart_puts@s
  1015     00AF  118A  245D  118A   	fcall	_uart_puts
  1016     00B2  1283               	bcf	3,5	;RP0=0, select bank0
  1017     00B3  1303               	bcf	3,6	;RP1=0, select bank0
  1018     00B4  0865               	movf	process_cmd@mv+5,w
  1019     00B5  00B2               	movwf	uart_putu@v+1
  1020     00B6  0864               	movf	process_cmd@mv+4,w
  1021     00B7  00B1               	movwf	uart_putu@v
  1022     00B8  118A  2253  118A   	fcall	_uart_putu
  1023                           
  1024                           ;main.c: 202:             uart_puts(",V3:"); uart_putu(mv[3]);
  1025     00BB  300F               	movlw	(low ((STR_4-__stringbase)| (0+32768)))& (0+255)
  1026     00BC  1283               	bcf	3,5	;RP0=0, select bank0
  1027     00BD  1303               	bcf	3,6	;RP1=0, select bank0
  1028     00BE  00A5               	movwf	uart_puts@s
  1029     00BF  118A  245D  118A   	fcall	_uart_puts
  1030     00C2  1283               	bcf	3,5	;RP0=0, select bank0
  1031     00C3  1303               	bcf	3,6	;RP1=0, select bank0
  1032     00C4  0867               	movf	process_cmd@mv+7,w
  1033     00C5  00B2               	movwf	uart_putu@v+1
  1034     00C6  0866               	movf	process_cmd@mv+6,w
  1035     00C7  00B1               	movwf	uart_putu@v
  1036     00C8  118A  2253  118A   	fcall	_uart_putu
  1037     00CB                     l1248:
  1038                           
  1039                           ;main.c: 203:             uart_putc('\n');
  1040     00CB  300A               	movlw	10
  1041     00CC  118A  24A7  118A   	fcall	_uart_putc
  1042                           
  1043                           ;main.c: 204:             break;
  1044     00CF  2906               	goto	l133
  1045     00D0                     l1250:
  1046                           
  1047                           ;main.c: 209:         {;main.c: 210:             uint8_t pct = (uint8_t)atoi(&local[1]);
  1048     00D0  3049               	movlw	(low ((process_cmd@local| 0+1)))& (0+255)
  1049     00D1  00AA               	movwf	atoi@s
  1050     00D2  118A  217A  118A   	fcall	_atoi
  1051     00D5  1283               	bcf	3,5	;RP0=0, select bank0
  1052     00D6  1303               	bcf	3,6	;RP1=0, select bank0
  1053     00D7  082A               	movf	?_atoi,w
  1054     00D8  00E9               	movwf	process_cmd@pct
  1055     00D9                     l1252:
  1056                           
  1057                           ;main.c: 211:             if (pct > 100u) pct = 100u;
  1058     00D9  3065               	movlw	101
  1059     00DA  0269               	subwf	process_cmd@pct,w
  1060     00DB  1C03               	skipc
  1061     00DC  28DE               	goto	u1051
  1062     00DD  28DF               	goto	u1050
  1063     00DE                     u1051:
  1064     00DE  28E1               	goto	l1256
  1065     00DF                     u1050:
  1066     00DF                     l1254:
  1067     00DF  3064               	movlw	100
  1068     00E0  00E9               	movwf	process_cmd@pct
  1069     00E1                     l1256:
  1070                           
  1071                           ;main.c: 212:             fan_set_pct(pct);
  1072     00E1  0869               	movf	process_cmd@pct,w
  1073     00E2  118A  2377  118A   	fcall	_fan_set_pct
  1074                           
  1075                           ;main.c: 213:             break;
  1076     00E5  2906               	goto	l133
  1077     00E6                     l1258:
  1078                           
  1079                           ;main.c: 218:         {;main.c: 220:             step_count = (int16_t)atoi(&local[1]);
  1080     00E6  3049               	movlw	(low ((process_cmd@local| 0+1)))& (0+255)
  1081     00E7  00AA               	movwf	atoi@s
  1082     00E8  118A  217A  118A   	fcall	_atoi
  1083     00EB  1283               	bcf	3,5	;RP0=0, select bank0
  1084     00EC  1303               	bcf	3,6	;RP1=0, select bank0
  1085     00ED  082B               	movf	?_atoi+1,w
  1086     00EE  00EE               	movwf	_step_count+1
  1087     00EF  082A               	movf	?_atoi,w
  1088     00F0  00ED               	movwf	_step_count
  1089                           
  1090                           ;main.c: 221:             break;
  1091     00F1  2906               	goto	l133
  1092     00F2                     l1262:
  1093     00F2  0848               	movf	process_cmd@local,w
  1094                           
  1095                           ; Switch size 1, requested type "simple"
  1096                           ; Number of cases is 6, Range of values is 70 to 114
  1097                           ; switch strategies available:
  1098                           ; Name         Instructions Cycles
  1099                           ; simple_byte           19    10 (average)
  1100                           ; direct_byte          100    10 (fixed)
  1101                           ; jumptable            263     9 (fixed)
  1102                           ;	Chosen strategy is simple_byte
  1103     00F3  3A46               	xorlw	70	; case 70
  1104     00F4  1903               	skipnz
  1105     00F5  28D0               	goto	l1250
  1106     00F6  3A0B               	xorlw	11	; case 77
  1107     00F7  1903               	skipnz
  1108     00F8  28E6               	goto	l1258
  1109     00F9  3A1F               	xorlw	31	; case 82
  1110     00FA  1903               	skipnz
  1111     00FB  2843               	goto	l1234
  1112     00FC  3A34               	xorlw	52	; case 102
  1113     00FD  1903               	skipnz
  1114     00FE  28D0               	goto	l1250
  1115     00FF  3A0B               	xorlw	11	; case 109
  1116     0100  1903               	skipnz
  1117     0101  28E6               	goto	l1258
  1118     0102  3A1F               	xorlw	31	; case 114
  1119     0103  1903               	skipnz
  1120     0104  2843               	goto	l1234
  1121     0105  2906               	goto	l133
  1122     0106                     l133:
  1123     0106  0008               	return
  1124     0107                     __end_of_process_cmd:
  1125                           
  1126                           	psect	text2
  1127     0253                     __ptext2:	
  1128 ;; *************** function _uart_putu *****************
  1129 ;; Defined at:
  1130 ;;		line 96 in file "main.c"
  1131 ;; Parameters:    Size  Location     Type
  1132 ;;  v               2   17[BANK0 ] unsigned short 
  1133 ;; Auto vars:     Size  Location     Type
  1134 ;;  buf             6   19[BANK0 ] unsigned char [6]
  1135 ;;  i               1   25[BANK0 ] unsigned char 
  1136 ;; Return value:  Size  Location     Type
  1137 ;;                  1    wreg      void 
  1138 ;; Registers used:
  1139 ;;		wreg, fsr0l, fsr0h, status,2, status,0, pclath, cstack
  1140 ;; Tracked objects:
  1141 ;;		On entry : 0/0
  1142 ;;		On exit  : 0/0
  1143 ;;		Unchanged: 0/0
  1144 ;; Data sizes:     COMMON   BANK0   BANK1
  1145 ;;      Params:         0       2       0
  1146 ;;      Locals:         0       7       0
  1147 ;;      Temps:          0       0       0
  1148 ;;      Totals:         0       9       0
  1149 ;;Total ram usage:        9 bytes
  1150 ;; Hardware stack levels used: 1
  1151 ;; Hardware stack levels required when called: 2
  1152 ;; This function calls:
  1153 ;;		___lwdiv
  1154 ;;		___lwmod
  1155 ;;		_uart_putc
  1156 ;; This function is called by:
  1157 ;;		_process_cmd
  1158 ;; This function uses a non-reentrant model
  1159 ;;
  1160                           
  1161     0253                     _uart_putu:	
  1162                           ;psect for function _uart_putu
  1163                           
  1164     0253                     l1110:	
  1165                           ;incstack = 0
  1166                           ; Regs used in _uart_putu: [wreg-fsr0h+status,2+status,0+pclath+cstack]
  1167                           
  1168                           
  1169                           ;main.c: 96: static void uart_putu(uint16_t v);main.c: 97: {;main.c: 98:     char buf[6]
      +                          ;;main.c: 99:     uint8_t i = 0u;
  1170     0253  1283               	bcf	3,5	;RP0=0, select bank0
  1171     0254  1303               	bcf	3,6	;RP1=0, select bank0
  1172     0255  01B9               	clrf	uart_putu@i
  1173     0256                     l1112:
  1174                           
  1175                           ;main.c: 100:     if (v == 0u) { uart_putc('0'); return; }
  1176     0256  0831               	movf	uart_putu@v,w
  1177     0257  0432               	iorwf	uart_putu@v+1,w
  1178     0258  1D03               	btfss	3,2
  1179     0259  2A5B               	goto	u791
  1180     025A  2A5C               	goto	u790
  1181     025B                     u791:
  1182     025B  2A88               	goto	l1124
  1183     025C                     u790:
  1184     025C                     l1114:
  1185     025C  3030               	movlw	48
  1186     025D  118A  24A7  118A   	fcall	_uart_putc
  1187     0260  2AA0               	goto	l86
  1188     0261                     l1118:
  1189     0261  0839               	movf	uart_putu@i,w
  1190     0262  3E33               	addlw	(low (uart_putu@buf| 0))& (0+255)
  1191     0263  0084               	movwf	4
  1192     0264  300A               	movlw	10
  1193     0265  00A4               	movwf	___lwmod@divisor
  1194     0266  3000               	movlw	0
  1195     0267  00A5               	movwf	___lwmod@divisor+1
  1196     0268  0832               	movf	uart_putu@v+1,w
  1197     0269  00A7               	movwf	___lwmod@dividend+1
  1198     026A  0831               	movf	uart_putu@v,w
  1199     026B  00A6               	movwf	___lwmod@dividend
  1200     026C  118A  23B5  118A   	fcall	___lwmod
  1201     026F  1283               	bcf	3,5	;RP0=0, select bank0
  1202     0270  1303               	bcf	3,6	;RP1=0, select bank0
  1203     0271  0824               	movf	?___lwmod,w
  1204     0272  3E30               	addlw	48
  1205     0273  1383               	bcf	3,7	;select IRP bank0
  1206     0274  0080               	movwf	0
  1207     0275                     l1120:
  1208     0275  3001               	movlw	1
  1209     0276  07B9               	addwf	uart_putu@i,f
  1210     0277                     l1122:
  1211     0277  300A               	movlw	10
  1212     0278  00AA               	movwf	___lwdiv@divisor
  1213     0279  3000               	movlw	0
  1214     027A  00AB               	movwf	___lwdiv@divisor+1
  1215     027B  0832               	movf	uart_putu@v+1,w
  1216     027C  00AD               	movwf	___lwdiv@dividend+1
  1217     027D  0831               	movf	uart_putu@v,w
  1218     027E  00AC               	movwf	___lwdiv@dividend
  1219     027F  118A  2333  118A   	fcall	___lwdiv
  1220     0282  1283               	bcf	3,5	;RP0=0, select bank0
  1221     0283  1303               	bcf	3,6	;RP1=0, select bank0
  1222     0284  082B               	movf	?___lwdiv+1,w
  1223     0285  00B2               	movwf	uart_putu@v+1
  1224     0286  082A               	movf	?___lwdiv,w
  1225     0287  00B1               	movwf	uart_putu@v
  1226     0288                     l1124:
  1227     0288  0831               	movf	uart_putu@v,w
  1228     0289  0432               	iorwf	uart_putu@v+1,w
  1229     028A  1D03               	btfss	3,2
  1230     028B  2A8D               	goto	u801
  1231     028C  2A8E               	goto	u800
  1232     028D                     u801:
  1233     028D  2A61               	goto	l1118
  1234     028E                     u800:
  1235     028E  2A99               	goto	l1128
  1236     028F                     l1126:
  1237     028F  3001               	movlw	1
  1238     0290  02B9               	subwf	uart_putu@i,f
  1239     0291  0839               	movf	uart_putu@i,w
  1240     0292  3E33               	addlw	(low (uart_putu@buf| 0))& (0+255)
  1241     0293  0084               	movwf	4
  1242     0294  1383               	bcf	3,7	;select IRP bank0
  1243     0295  0800               	movf	0,w
  1244     0296  118A  24A7  118A   	fcall	_uart_putc
  1245     0299                     l1128:
  1246     0299  1283               	bcf	3,5	;RP0=0, select bank0
  1247     029A  1303               	bcf	3,6	;RP1=0, select bank0
  1248     029B  0839               	movf	uart_putu@i,w
  1249     029C  1D03               	btfss	3,2
  1250     029D  2A9F               	goto	u811
  1251     029E  2AA0               	goto	u810
  1252     029F                     u811:
  1253     029F  2A8F               	goto	l1126
  1254     02A0                     u810:
  1255     02A0                     l86:
  1256     02A0  0008               	return
  1257     02A1                     __end_of_uart_putu:
  1258                           
  1259                           	psect	text3
  1260     03B5                     __ptext3:	
  1261 ;; *************** function ___lwmod *****************
  1262 ;; Defined at:
  1263 ;;		line 5 in file "C:\Program Files\Microchip\xc8\v3.10\pic\sources\c99\common\lwmod.c"
  1264 ;; Parameters:    Size  Location     Type
  1265 ;;  divisor         2    4[BANK0 ] unsigned int 
  1266 ;;  dividend        2    6[BANK0 ] unsigned int 
  1267 ;; Auto vars:     Size  Location     Type
  1268 ;;  counter         1    8[BANK0 ] unsigned char 
  1269 ;; Return value:  Size  Location     Type
  1270 ;;                  2    4[BANK0 ] unsigned int 
  1271 ;; Registers used:
  1272 ;;		wreg, status,2, status,0
  1273 ;; Tracked objects:
  1274 ;;		On entry : 0/0
  1275 ;;		On exit  : 0/0
  1276 ;;		Unchanged: 0/0
  1277 ;; Data sizes:     COMMON   BANK0   BANK1
  1278 ;;      Params:         0       4       0
  1279 ;;      Locals:         0       1       0
  1280 ;;      Temps:          0       0       0
  1281 ;;      Totals:         0       5       0
  1282 ;;Total ram usage:        5 bytes
  1283 ;; Hardware stack levels used: 1
  1284 ;; Hardware stack levels required when called: 1
  1285 ;; This function calls:
  1286 ;;		Nothing
  1287 ;; This function is called by:
  1288 ;;		_uart_putu
  1289 ;; This function uses a non-reentrant model
  1290 ;;
  1291                           
  1292     03B5                     ___lwmod:	
  1293                           ;psect for function ___lwmod
  1294                           
  1295     03B5                     l1080:	
  1296                           ;incstack = 0
  1297                           ; Regs used in ___lwmod: [wreg+status,2+status,0]
  1298                           
  1299     03B5  1283               	bcf	3,5	;RP0=0, select bank0
  1300     03B6  1303               	bcf	3,6	;RP1=0, select bank0
  1301     03B7  0824               	movf	___lwmod@divisor,w
  1302     03B8  0425               	iorwf	___lwmod@divisor+1,w
  1303     03B9  1903               	btfsc	3,2
  1304     03BA  2BBC               	goto	u721
  1305     03BB  2BBD               	goto	u720
  1306     03BC                     u721:
  1307     03BC  2BEA               	goto	l1098
  1308     03BD                     u720:
  1309     03BD                     l1082:
  1310     03BD  3001               	movlw	1
  1311     03BE  00A8               	movwf	___lwmod@counter
  1312     03BF  2BC9               	goto	l1088
  1313     03C0                     l1084:
  1314     03C0  3001               	movlw	1
  1315     03C1                     u735:
  1316     03C1  1003               	clrc
  1317     03C2  0DA4               	rlf	___lwmod@divisor,f
  1318     03C3  0DA5               	rlf	___lwmod@divisor+1,f
  1319     03C4  3EFF               	addlw	-1
  1320     03C5  1D03               	skipz
  1321     03C6  2BC1               	goto	u735
  1322     03C7                     l1086:
  1323     03C7  3001               	movlw	1
  1324     03C8  07A8               	addwf	___lwmod@counter,f
  1325     03C9                     l1088:
  1326     03C9  1FA5               	btfss	___lwmod@divisor+1,7
  1327     03CA  2BCC               	goto	u741
  1328     03CB  2BCD               	goto	u740
  1329     03CC                     u741:
  1330     03CC  2BC0               	goto	l1084
  1331     03CD                     u740:
  1332     03CD                     l1090:
  1333     03CD  0825               	movf	___lwmod@divisor+1,w
  1334     03CE  0227               	subwf	___lwmod@dividend+1,w
  1335     03CF  1D03               	skipz
  1336     03D0  2BD3               	goto	u755
  1337     03D1  0824               	movf	___lwmod@divisor,w
  1338     03D2  0226               	subwf	___lwmod@dividend,w
  1339     03D3                     u755:
  1340     03D3  1C03               	skipc
  1341     03D4  2BD6               	goto	u751
  1342     03D5  2BD7               	goto	u750
  1343     03D6                     u751:
  1344     03D6  2BDD               	goto	l1094
  1345     03D7                     u750:
  1346     03D7                     l1092:
  1347     03D7  0824               	movf	___lwmod@divisor,w
  1348     03D8  02A6               	subwf	___lwmod@dividend,f
  1349     03D9  0825               	movf	___lwmod@divisor+1,w
  1350     03DA  1C03               	skipc
  1351     03DB  03A7               	decf	___lwmod@dividend+1,f
  1352     03DC  02A7               	subwf	___lwmod@dividend+1,f
  1353     03DD                     l1094:
  1354     03DD  3001               	movlw	1
  1355     03DE                     u765:
  1356     03DE  1003               	clrc
  1357     03DF  0CA5               	rrf	___lwmod@divisor+1,f
  1358     03E0  0CA4               	rrf	___lwmod@divisor,f
  1359     03E1  3EFF               	addlw	-1
  1360     03E2  1D03               	skipz
  1361     03E3  2BDE               	goto	u765
  1362     03E4                     l1096:
  1363     03E4  3001               	movlw	1
  1364     03E5  02A8               	subwf	___lwmod@counter,f
  1365     03E6  1D03               	btfss	3,2
  1366     03E7  2BE9               	goto	u771
  1367     03E8  2BEA               	goto	u770
  1368     03E9                     u771:
  1369     03E9  2BCD               	goto	l1090
  1370     03EA                     u770:
  1371     03EA                     l1098:
  1372     03EA  0827               	movf	___lwmod@dividend+1,w
  1373     03EB  00A5               	movwf	?___lwmod+1
  1374     03EC  0826               	movf	___lwmod@dividend,w
  1375     03ED  00A4               	movwf	?___lwmod
  1376     03EE                     l536:
  1377     03EE  0008               	return
  1378     03EF                     __end_of___lwmod:
  1379                           
  1380                           	psect	text4
  1381     045D                     __ptext4:	
  1382 ;; *************** function _uart_puts *****************
  1383 ;; Defined at:
  1384 ;;		line 91 in file "main.c"
  1385 ;; Parameters:    Size  Location     Type
  1386 ;;  s               1    5[BANK0 ] PTR const unsigned char 
  1387 ;;		 -> STR_5(4), STR_4(5), STR_3(5), STR_2(5), 
  1388 ;;		 -> STR_1(4), 
  1389 ;; Auto vars:     Size  Location     Type
  1390 ;;		None
  1391 ;; Return value:  Size  Location     Type
  1392 ;;                  1    wreg      void 
  1393 ;; Registers used:
  1394 ;;		wreg, fsr0l, fsr0h, status,2, status,0, pclath, cstack
  1395 ;; Tracked objects:
  1396 ;;		On entry : 0/0
  1397 ;;		On exit  : 0/0
  1398 ;;		Unchanged: 0/0
  1399 ;; Data sizes:     COMMON   BANK0   BANK1
  1400 ;;      Params:         0       1       0
  1401 ;;      Locals:         0       0       0
  1402 ;;      Temps:          0       0       0
  1403 ;;      Totals:         0       1       0
  1404 ;;Total ram usage:        1 bytes
  1405 ;; Hardware stack levels used: 1
  1406 ;; Hardware stack levels required when called: 1
  1407 ;; This function calls:
  1408 ;;		_uart_putc
  1409 ;; This function is called by:
  1410 ;;		_process_cmd
  1411 ;;		_main
  1412 ;; This function uses a non-reentrant model
  1413 ;;
  1414                           
  1415     045D                     _uart_puts:	
  1416                           ;psect for function _uart_puts
  1417                           
  1418     045D                     l1102:	
  1419                           ;incstack = 0
  1420                           ; Regs used in _uart_puts: [wreg-fsr0h+status,2+status,0+pclath+cstack]
  1421                           
  1422                           
  1423                           ;main.c: 91: static void uart_puts(const char *s);main.c: 92: {;main.c: 93:     while (*
      +                          s) uart_putc(*s++);
  1424     045D  2C6A               	goto	l1108
  1425     045E                     l1104:
  1426     045E  0825               	movf	uart_puts@s,w
  1427     045F  0084               	movwf	4
  1428     0460  118A  243C  118A   	fcall	stringdir
  1429     0463  118A  24A7  118A   	fcall	_uart_putc
  1430     0466                     l1106:
  1431     0466  3001               	movlw	1
  1432     0467  1283               	bcf	3,5	;RP0=0, select bank0
  1433     0468  1303               	bcf	3,6	;RP1=0, select bank0
  1434     0469  07A5               	addwf	uart_puts@s,f
  1435     046A                     l1108:
  1436     046A  1283               	bcf	3,5	;RP0=0, select bank0
  1437     046B  1303               	bcf	3,6	;RP1=0, select bank0
  1438     046C  0825               	movf	uart_puts@s,w
  1439     046D  0084               	movwf	4
  1440     046E  118A  243C  118A   	fcall	stringdir
  1441     0471  3A00               	xorlw	0
  1442     0472  1D03               	skipz
  1443     0473  2C75               	goto	u781
  1444     0474  2C76               	goto	u780
  1445     0475                     u781:
  1446     0475  2C5E               	goto	l1104
  1447     0476                     u780:
  1448     0476                     l82:
  1449     0476  0008               	return
  1450     0477                     __end_of_uart_puts:
  1451                           
  1452                           	psect	text5
  1453     04A7                     __ptext5:	
  1454 ;; *************** function _uart_putc *****************
  1455 ;; Defined at:
  1456 ;;		line 85 in file "main.c"
  1457 ;; Parameters:    Size  Location     Type
  1458 ;;  c               1    wreg     unsigned char 
  1459 ;; Auto vars:     Size  Location     Type
  1460 ;;  c               1    4[BANK0 ] unsigned char 
  1461 ;; Return value:  Size  Location     Type
  1462 ;;                  1    wreg      void 
  1463 ;; Registers used:
  1464 ;;		wreg
  1465 ;; Tracked objects:
  1466 ;;		On entry : 0/0
  1467 ;;		On exit  : 0/0
  1468 ;;		Unchanged: 0/0
  1469 ;; Data sizes:     COMMON   BANK0   BANK1
  1470 ;;      Params:         0       0       0
  1471 ;;      Locals:         0       1       0
  1472 ;;      Temps:          0       0       0
  1473 ;;      Totals:         0       1       0
  1474 ;;Total ram usage:        1 bytes
  1475 ;; Hardware stack levels used: 1
  1476 ;; Hardware stack levels required when called: 1
  1477 ;; This function calls:
  1478 ;;		Nothing
  1479 ;; This function is called by:
  1480 ;;		_uart_puts
  1481 ;;		_uart_putu
  1482 ;;		_process_cmd
  1483 ;; This function uses a non-reentrant model
  1484 ;;
  1485                           
  1486     04A7                     _uart_putc:	
  1487                           ;psect for function _uart_putc
  1488                           
  1489                           
  1490                           ;incstack = 0
  1491                           ; Regs used in _uart_putc: [wreg]
  1492                           ;uart_putc@c stored from wreg
  1493     04A7  1283               	bcf	3,5	;RP0=0, select bank0
  1494     04A8  1303               	bcf	3,6	;RP1=0, select bank0
  1495     04A9  00A4               	movwf	uart_putc@c
  1496     04AA                     l1036:
  1497     04AA                     l73:	
  1498                           ;main.c: 85: static void uart_putc(char c);main.c: 86: {;main.c: 87:     while (!PIR1bit
      +                          s.TXIF);
  1499                           
  1500     04AA  1E0C               	btfss	12,4	;volatile
  1501     04AB  2CAD               	goto	u601
  1502     04AC  2CAE               	goto	u600
  1503     04AD                     u601:
  1504     04AD  2CAA               	goto	l73
  1505     04AE                     u600:
  1506     04AE                     l1038:
  1507                           
  1508                           ;main.c: 88:     TXREG = (uint8_t)c;
  1509     04AE  0824               	movf	uart_putc@c,w
  1510     04AF  0099               	movwf	25	;volatile
  1511     04B0                     l76:
  1512     04B0  0008               	return
  1513     04B1                     __end_of_uart_putc:
  1514                           
  1515                           	psect	text6
  1516     0377                     __ptext6:	
  1517 ;; *************** function _fan_set_pct *****************
  1518 ;; Defined at:
  1519 ;;		line 123 in file "main.c"
  1520 ;; Parameters:    Size  Location     Type
  1521 ;;  pct             1    wreg     unsigned char 
  1522 ;; Auto vars:     Size  Location     Type
  1523 ;;  pct             1   19[BANK0 ] unsigned char 
  1524 ;;  duty            2   20[BANK0 ] unsigned short 
  1525 ;; Return value:  Size  Location     Type
  1526 ;;                  1    wreg      void 
  1527 ;; Registers used:
  1528 ;;		wreg, status,2, status,0, pclath, cstack
  1529 ;; Tracked objects:
  1530 ;;		On entry : 0/0
  1531 ;;		On exit  : 0/0
  1532 ;;		Unchanged: 0/0
  1533 ;; Data sizes:     COMMON   BANK0   BANK1
  1534 ;;      Params:         0       0       0
  1535 ;;      Locals:         0       3       0
  1536 ;;      Temps:          0       2       0
  1537 ;;      Totals:         0       5       0
  1538 ;;Total ram usage:        5 bytes
  1539 ;; Hardware stack levels used: 1
  1540 ;; Hardware stack levels required when called: 2
  1541 ;; This function calls:
  1542 ;;		___lwdiv
  1543 ;;		___wmul
  1544 ;; This function is called by:
  1545 ;;		_process_cmd
  1546 ;; This function uses a non-reentrant model
  1547 ;;
  1548                           
  1549     0377                     _fan_set_pct:	
  1550                           ;psect for function _fan_set_pct
  1551                           
  1552                           
  1553                           ;incstack = 0
  1554                           ; Regs used in _fan_set_pct: [wreg+status,2+status,0+pclath+cstack]
  1555                           ;fan_set_pct@pct stored from wreg
  1556     0377  1283               	bcf	3,5	;RP0=0, select bank0
  1557     0378  1303               	bcf	3,6	;RP1=0, select bank0
  1558     0379  00B3               	movwf	fan_set_pct@pct
  1559     037A                     l1140:
  1560                           
  1561                           ;main.c: 123: static void fan_set_pct(uint8_t pct);main.c: 124: {;main.c: 126:     uint1
      +                          6_t duty = ((uint16_t)pct * (249u + 1u)) / 100u;
  1562     037A  3064               	movlw	100
  1563     037B  00AA               	movwf	___lwdiv@divisor
  1564     037C  3000               	movlw	0
  1565     037D  00AB               	movwf	___lwdiv@divisor+1
  1566     037E  0833               	movf	fan_set_pct@pct,w
  1567     037F  00B1               	movwf	??_fan_set_pct
  1568     0380  01B2               	clrf	??_fan_set_pct+1
  1569     0381  0831               	movf	??_fan_set_pct,w
  1570     0382  00A4               	movwf	___wmul@multiplier
  1571     0383  0832               	movf	??_fan_set_pct+1,w
  1572     0384  00A5               	movwf	___wmul@multiplier+1
  1573     0385  30FA               	movlw	250
  1574     0386  00A6               	movwf	___wmul@multiplicand
  1575     0387  3000               	movlw	0
  1576     0388  00A7               	movwf	___wmul@multiplicand+1
  1577     0389  118A  23EF  118A   	fcall	___wmul
  1578     038C  1283               	bcf	3,5	;RP0=0, select bank0
  1579     038D  1303               	bcf	3,6	;RP1=0, select bank0
  1580     038E  0825               	movf	?___wmul+1,w
  1581     038F  00AD               	movwf	___lwdiv@dividend+1
  1582     0390  0824               	movf	?___wmul,w
  1583     0391  00AC               	movwf	___lwdiv@dividend
  1584     0392  118A  2333  118A   	fcall	___lwdiv
  1585     0395  1283               	bcf	3,5	;RP0=0, select bank0
  1586     0396  1303               	bcf	3,6	;RP1=0, select bank0
  1587     0397  082B               	movf	?___lwdiv+1,w
  1588     0398  00B5               	movwf	fan_set_pct@duty+1
  1589     0399  082A               	movf	?___lwdiv,w
  1590     039A  00B4               	movwf	fan_set_pct@duty
  1591     039B                     l1142:
  1592                           
  1593                           ;main.c: 127:     CCPR1L = (uint8_t)(duty >> 2u);
  1594     039B  0835               	movf	fan_set_pct@duty+1,w
  1595     039C  00B2               	movwf	??_fan_set_pct+1
  1596     039D  0834               	movf	fan_set_pct@duty,w
  1597     039E  00B1               	movwf	??_fan_set_pct
  1598     039F  1003               	clrc
  1599     03A0  0CB2               	rrf	??_fan_set_pct+1,f
  1600     03A1  0CB1               	rrf	??_fan_set_pct,f
  1601     03A2  1003               	clrc
  1602     03A3  0CB2               	rrf	??_fan_set_pct+1,f
  1603     03A4  0CB1               	rrf	??_fan_set_pct,f
  1604     03A5  0831               	movf	??_fan_set_pct,w
  1605     03A6  0095               	movwf	21	;volatile
  1606     03A7                     l1144:
  1607                           
  1608                           ;main.c: 128:     CCP1CON = (CCP1CON & 0xCFu) | (uint8_t)((duty & 0x03u) << 4u);
  1609     03A7  0834               	movf	fan_set_pct@duty,w
  1610     03A8  3903               	andlw	3
  1611     03A9  00B1               	movwf	??_fan_set_pct
  1612     03AA  3004               	movlw	4
  1613     03AB                     u845:
  1614     03AB  1003               	clrc
  1615     03AC  0DB1               	rlf	??_fan_set_pct,f
  1616     03AD  3EFF               	addlw	-1
  1617     03AE  1D03               	skipz
  1618     03AF  2BAB               	goto	u845
  1619     03B0  0817               	movf	23,w	;volatile
  1620     03B1  39CF               	andlw	207
  1621     03B2  0431               	iorwf	??_fan_set_pct,w
  1622     03B3  0097               	movwf	23	;volatile
  1623     03B4                     l101:
  1624     03B4  0008               	return
  1625     03B5                     __end_of_fan_set_pct:
  1626                           
  1627                           	psect	text7
  1628     0333                     __ptext7:	
  1629 ;; *************** function ___lwdiv *****************
  1630 ;; Defined at:
  1631 ;;		line 5 in file "C:\Program Files\Microchip\xc8\v3.10\pic\sources\c99\common\lwdiv.c"
  1632 ;; Parameters:    Size  Location     Type
  1633 ;;  divisor         2   10[BANK0 ] unsigned int 
  1634 ;;  dividend        2   12[BANK0 ] unsigned int 
  1635 ;; Auto vars:     Size  Location     Type
  1636 ;;  quotient        2   14[BANK0 ] unsigned int 
  1637 ;;  counter         1   16[BANK0 ] unsigned char 
  1638 ;; Return value:  Size  Location     Type
  1639 ;;                  2   10[BANK0 ] unsigned int 
  1640 ;; Registers used:
  1641 ;;		wreg, status,2, status,0
  1642 ;; Tracked objects:
  1643 ;;		On entry : 0/0
  1644 ;;		On exit  : 0/0
  1645 ;;		Unchanged: 0/0
  1646 ;; Data sizes:     COMMON   BANK0   BANK1
  1647 ;;      Params:         0       4       0
  1648 ;;      Locals:         0       3       0
  1649 ;;      Temps:          0       0       0
  1650 ;;      Totals:         0       7       0
  1651 ;;Total ram usage:        7 bytes
  1652 ;; Hardware stack levels used: 1
  1653 ;; Hardware stack levels required when called: 1
  1654 ;; This function calls:
  1655 ;;		Nothing
  1656 ;; This function is called by:
  1657 ;;		_uart_putu
  1658 ;;		_fan_set_pct
  1659 ;; This function uses a non-reentrant model
  1660 ;;
  1661                           
  1662     0333                     ___lwdiv:	
  1663                           ;psect for function ___lwdiv
  1664                           
  1665     0333                     l1054:	
  1666                           ;incstack = 0
  1667                           ; Regs used in ___lwdiv: [wreg+status,2+status,0]
  1668                           
  1669     0333  1283               	bcf	3,5	;RP0=0, select bank0
  1670     0334  1303               	bcf	3,6	;RP1=0, select bank0
  1671     0335  01AE               	clrf	___lwdiv@quotient
  1672     0336  01AF               	clrf	___lwdiv@quotient+1
  1673     0337                     l1056:
  1674     0337  082A               	movf	___lwdiv@divisor,w
  1675     0338  042B               	iorwf	___lwdiv@divisor+1,w
  1676     0339  1903               	btfsc	3,2
  1677     033A  2B3C               	goto	u651
  1678     033B  2B3D               	goto	u650
  1679     033C                     u651:
  1680     033C  2B72               	goto	l1076
  1681     033D                     u650:
  1682     033D                     l1058:
  1683     033D  3001               	movlw	1
  1684     033E  00B0               	movwf	___lwdiv@counter
  1685     033F  2B49               	goto	l1064
  1686     0340                     l1060:
  1687     0340  3001               	movlw	1
  1688     0341                     u665:
  1689     0341  1003               	clrc
  1690     0342  0DAA               	rlf	___lwdiv@divisor,f
  1691     0343  0DAB               	rlf	___lwdiv@divisor+1,f
  1692     0344  3EFF               	addlw	-1
  1693     0345  1D03               	skipz
  1694     0346  2B41               	goto	u665
  1695     0347                     l1062:
  1696     0347  3001               	movlw	1
  1697     0348  07B0               	addwf	___lwdiv@counter,f
  1698     0349                     l1064:
  1699     0349  1FAB               	btfss	___lwdiv@divisor+1,7
  1700     034A  2B4C               	goto	u671
  1701     034B  2B4D               	goto	u670
  1702     034C                     u671:
  1703     034C  2B40               	goto	l1060
  1704     034D                     u670:
  1705     034D                     l1066:
  1706     034D  3001               	movlw	1
  1707     034E                     u685:
  1708     034E  1003               	clrc
  1709     034F  0DAE               	rlf	___lwdiv@quotient,f
  1710     0350  0DAF               	rlf	___lwdiv@quotient+1,f
  1711     0351  3EFF               	addlw	-1
  1712     0352  1D03               	skipz
  1713     0353  2B4E               	goto	u685
  1714     0354  082B               	movf	___lwdiv@divisor+1,w
  1715     0355  022D               	subwf	___lwdiv@dividend+1,w
  1716     0356  1D03               	skipz
  1717     0357  2B5A               	goto	u695
  1718     0358  082A               	movf	___lwdiv@divisor,w
  1719     0359  022C               	subwf	___lwdiv@dividend,w
  1720     035A                     u695:
  1721     035A  1C03               	skipc
  1722     035B  2B5D               	goto	u691
  1723     035C  2B5E               	goto	u690
  1724     035D                     u691:
  1725     035D  2B65               	goto	l1072
  1726     035E                     u690:
  1727     035E                     l1068:
  1728     035E  082A               	movf	___lwdiv@divisor,w
  1729     035F  02AC               	subwf	___lwdiv@dividend,f
  1730     0360  082B               	movf	___lwdiv@divisor+1,w
  1731     0361  1C03               	skipc
  1732     0362  03AD               	decf	___lwdiv@dividend+1,f
  1733     0363  02AD               	subwf	___lwdiv@dividend+1,f
  1734     0364                     l1070:
  1735     0364  142E               	bsf	___lwdiv@quotient,0
  1736     0365                     l1072:
  1737     0365  3001               	movlw	1
  1738     0366                     u705:
  1739     0366  1003               	clrc
  1740     0367  0CAB               	rrf	___lwdiv@divisor+1,f
  1741     0368  0CAA               	rrf	___lwdiv@divisor,f
  1742     0369  3EFF               	addlw	-1
  1743     036A  1D03               	skipz
  1744     036B  2B66               	goto	u705
  1745     036C                     l1074:
  1746     036C  3001               	movlw	1
  1747     036D  02B0               	subwf	___lwdiv@counter,f
  1748     036E  1D03               	btfss	3,2
  1749     036F  2B71               	goto	u711
  1750     0370  2B72               	goto	u710
  1751     0371                     u711:
  1752     0371  2B4D               	goto	l1066
  1753     0372                     u710:
  1754     0372                     l1076:
  1755     0372  082F               	movf	___lwdiv@quotient+1,w
  1756     0373  00AB               	movwf	?___lwdiv+1
  1757     0374  082E               	movf	___lwdiv@quotient,w
  1758     0375  00AA               	movwf	?___lwdiv
  1759     0376                     l526:
  1760     0376  0008               	return
  1761     0377                     __end_of___lwdiv:
  1762                           
  1763                           	psect	text8
  1764     017A                     __ptext8:	
  1765 ;; *************** function _atoi *****************
  1766 ;; Defined at:
  1767 ;;		line 5 in file "C:\Program Files\Microchip\xc8\v3.10\pic\sources\c99\common\atoi.c"
  1768 ;; Parameters:    Size  Location     Type
  1769 ;;  s               1   10[BANK0 ] PTR const unsigned char 
  1770 ;;		 -> process_cmd@local(24), 
  1771 ;; Auto vars:     Size  Location     Type
  1772 ;;  n               2   15[BANK0 ] int 
  1773 ;;  neg             1   14[BANK0 ] _Bool 
  1774 ;; Return value:  Size  Location     Type
  1775 ;;                  2   10[BANK0 ] int 
  1776 ;; Registers used:
  1777 ;;		wreg, fsr0l, fsr0h, status,2, status,0, pclath, cstack
  1778 ;; Tracked objects:
  1779 ;;		On entry : 0/0
  1780 ;;		On exit  : 0/0
  1781 ;;		Unchanged: 0/0
  1782 ;; Data sizes:     COMMON   BANK0   BANK1
  1783 ;;      Params:         0       2       0
  1784 ;;      Locals:         0       3       0
  1785 ;;      Temps:          0       2       0
  1786 ;;      Totals:         0       7       0
  1787 ;;Total ram usage:        7 bytes
  1788 ;; Hardware stack levels used: 1
  1789 ;; Hardware stack levels required when called: 2
  1790 ;; This function calls:
  1791 ;;		___wmul
  1792 ;; This function is called by:
  1793 ;;		_process_cmd
  1794 ;; This function uses a non-reentrant model
  1795 ;;
  1796                           
  1797     017A                     _atoi:	
  1798                           ;psect for function _atoi
  1799                           
  1800     017A                     l1146:	
  1801                           ;incstack = 0
  1802                           ; Regs used in _atoi: [wreg-fsr0h+status,2+status,0+pclath+cstack]
  1803                           
  1804     017A  1283               	bcf	3,5	;RP0=0, select bank0
  1805     017B  1303               	bcf	3,6	;RP1=0, select bank0
  1806     017C  01AF               	clrf	atoi@n
  1807     017D  01B0               	clrf	atoi@n+1
  1808     017E  01AE               	clrf	atoi@neg
  1809     017F  2982               	goto	l1150
  1810     0180                     l1148:
  1811     0180  3001               	movlw	1
  1812     0181  07AA               	addwf	atoi@s,f
  1813     0182                     l1150:
  1814     0182  082A               	movf	atoi@s,w
  1815     0183  0084               	movwf	4
  1816     0184  3020               	movlw	32
  1817     0185  1383               	bcf	3,7	;select IRP bank0
  1818     0186  0600               	xorwf	0,w
  1819     0187  1903               	btfsc	3,2
  1820     0188  298A               	goto	u851
  1821     0189  298B               	goto	u850
  1822     018A                     u851:
  1823     018A  2980               	goto	l1148
  1824     018B                     u850:
  1825     018B                     l1152:
  1826     018B  082A               	movf	atoi@s,w
  1827     018C  0084               	movwf	4
  1828     018D  30F7               	movlw	247
  1829     018E  0700               	addwf	0,w
  1830     018F  00AC               	movwf	??_atoi
  1831     0190  3005               	movlw	5
  1832     0191  022C               	subwf	??_atoi,w
  1833     0192  1C03               	skipc
  1834     0193  2995               	goto	u861
  1835     0194  2996               	goto	u860
  1836     0195                     u861:
  1837     0195  2980               	goto	l1148
  1838     0196                     u860:
  1839     0196                     l1154:
  1840     0196  082A               	movf	atoi@s,w
  1841     0197  0084               	movwf	4
  1842     0198  302D               	movlw	45
  1843     0199  0600               	xorwf	0,w
  1844     019A  1D03               	btfss	3,2
  1845     019B  299D               	goto	u871
  1846     019C  299E               	goto	u870
  1847     019D                     u871:
  1848     019D  29A3               	goto	l1160
  1849     019E                     u870:
  1850     019E                     l1156:
  1851     019E  3001               	movlw	1
  1852     019F  00AE               	movwf	atoi@neg
  1853     01A0                     l1158:
  1854     01A0  3001               	movlw	1
  1855     01A1  07AA               	addwf	atoi@s,f
  1856     01A2  29CC               	goto	l1168
  1857     01A3                     l1160:
  1858     01A3  082A               	movf	atoi@s,w
  1859     01A4  0084               	movwf	4
  1860     01A5  302B               	movlw	43
  1861     01A6  0600               	xorwf	0,w
  1862     01A7  1D03               	btfss	3,2
  1863     01A8  29AA               	goto	u881
  1864     01A9  29AB               	goto	u880
  1865     01AA                     u881:
  1866     01AA  29CC               	goto	l1168
  1867     01AB                     u880:
  1868     01AB  29A0               	goto	l1158
  1869     01AC                     l1164:
  1870     01AC  082A               	movf	atoi@s,w
  1871     01AD  0084               	movwf	4
  1872     01AE  0830               	movf	atoi@n+1,w
  1873     01AF  00A5               	movwf	___wmul@multiplier+1
  1874     01B0  082F               	movf	atoi@n,w
  1875     01B1  00A4               	movwf	___wmul@multiplier
  1876     01B2  300A               	movlw	10
  1877     01B3  00A6               	movwf	___wmul@multiplicand
  1878     01B4  3000               	movlw	0
  1879     01B5  00A7               	movwf	___wmul@multiplicand+1
  1880     01B6  118A  23EF  118A   	fcall	___wmul
  1881     01B9  1283               	bcf	3,5	;RP0=0, select bank0
  1882     01BA  1303               	bcf	3,6	;RP1=0, select bank0
  1883     01BB  0825               	movf	?___wmul+1,w
  1884     01BC  00AD               	movwf	??_atoi+1
  1885     01BD  1383               	bcf	3,7	;select IRP bank0
  1886     01BE  0800               	movf	0,w
  1887     01BF  0224               	subwf	?___wmul,w
  1888     01C0  00AC               	movwf	??_atoi
  1889     01C1  1C03               	skipc
  1890     01C2  03AD               	decf	??_atoi+1,f
  1891     01C3  082C               	movf	??_atoi,w
  1892     01C4  3E30               	addlw	48
  1893     01C5  00AF               	movwf	atoi@n
  1894     01C6  082D               	movf	??_atoi+1,w
  1895     01C7  1803               	skipnc
  1896     01C8  3E01               	addlw	1
  1897     01C9  3E00               	addlw	0
  1898     01CA  00B0               	movwf	atoi@n+1
  1899     01CB  29A0               	goto	l1158
  1900     01CC                     l1168:
  1901     01CC  082A               	movf	atoi@s,w
  1902     01CD  0084               	movwf	4
  1903     01CE  30D0               	movlw	208
  1904     01CF  0700               	addwf	0,w
  1905     01D0  00AC               	movwf	??_atoi
  1906     01D1  300A               	movlw	10
  1907     01D2  022C               	subwf	??_atoi,w
  1908     01D3  1C03               	skipc
  1909     01D4  29D6               	goto	u891
  1910     01D5  29D7               	goto	u890
  1911     01D6                     u891:
  1912     01D6  29AC               	goto	l1164
  1913     01D7                     u890:
  1914     01D7                     l1170:
  1915     01D7  082E               	movf	atoi@neg,w
  1916     01D8  1D03               	btfss	3,2
  1917     01D9  29DB               	goto	u901
  1918     01DA  29DC               	goto	u900
  1919     01DB                     u901:
  1920     01DB  29E8               	goto	l1174
  1921     01DC                     u900:
  1922     01DC                     l1172:
  1923     01DC  092F               	comf	atoi@n,w
  1924     01DD  00AC               	movwf	??_atoi
  1925     01DE  0930               	comf	atoi@n+1,w
  1926     01DF  00AD               	movwf	??_atoi+1
  1927     01E0  0AAC               	incf	??_atoi,f
  1928     01E1  1903               	skipnz
  1929     01E2  0AAD               	incf	??_atoi+1,f
  1930     01E3  082C               	movf	??_atoi,w
  1931     01E4  00AA               	movwf	?_atoi
  1932     01E5  082D               	movf	??_atoi+1,w
  1933     01E6  00AB               	movwf	?_atoi+1
  1934     01E7  29EC               	goto	l718
  1935     01E8                     l1174:
  1936     01E8  0830               	movf	atoi@n+1,w
  1937     01E9  00AB               	movwf	?_atoi+1
  1938     01EA  082F               	movf	atoi@n,w
  1939     01EB  00AA               	movwf	?_atoi
  1940     01EC                     l718:
  1941     01EC  0008               	return
  1942     01ED                     __end_of_atoi:
  1943                           
  1944                           	psect	text9
  1945     03EF                     __ptext9:	
  1946 ;; *************** function ___wmul *****************
  1947 ;; Defined at:
  1948 ;;		line 15 in file "C:\Program Files\Microchip\xc8\v3.10\pic\sources\c99\common\Umul16.c"
  1949 ;; Parameters:    Size  Location     Type
  1950 ;;  multiplier      2    4[BANK0 ] unsigned int 
  1951 ;;  multiplicand    2    6[BANK0 ] unsigned int 
  1952 ;; Auto vars:     Size  Location     Type
  1953 ;;  product         2    8[BANK0 ] unsigned int 
  1954 ;; Return value:  Size  Location     Type
  1955 ;;                  2    4[BANK0 ] unsigned int 
  1956 ;; Registers used:
  1957 ;;		wreg, status,2, status,0
  1958 ;; Tracked objects:
  1959 ;;		On entry : 0/0
  1960 ;;		On exit  : 0/0
  1961 ;;		Unchanged: 0/0
  1962 ;; Data sizes:     COMMON   BANK0   BANK1
  1963 ;;      Params:         0       4       0
  1964 ;;      Locals:         0       2       0
  1965 ;;      Temps:          0       0       0
  1966 ;;      Totals:         0       6       0
  1967 ;;Total ram usage:        6 bytes
  1968 ;; Hardware stack levels used: 1
  1969 ;; Hardware stack levels required when called: 1
  1970 ;; This function calls:
  1971 ;;		Nothing
  1972 ;; This function is called by:
  1973 ;;		_fan_set_pct
  1974 ;;		_atoi
  1975 ;; This function uses a non-reentrant model
  1976 ;;
  1977                           
  1978     03EF                     ___wmul:	
  1979                           ;psect for function ___wmul
  1980                           
  1981     03EF                     l1040:	
  1982                           ;incstack = 0
  1983                           ; Regs used in ___wmul: [wreg+status,2+status,0]
  1984                           
  1985     03EF  1283               	bcf	3,5	;RP0=0, select bank0
  1986     03F0  1303               	bcf	3,6	;RP1=0, select bank0
  1987     03F1  01A8               	clrf	___wmul@product
  1988     03F2  01A9               	clrf	___wmul@product+1
  1989     03F3                     l1042:
  1990     03F3  1C24               	btfss	___wmul@multiplier,0
  1991     03F4  2BF6               	goto	u611
  1992     03F5  2BF7               	goto	u610
  1993     03F6                     u611:
  1994     03F6  2BFD               	goto	l246
  1995     03F7                     u610:
  1996     03F7                     l1044:
  1997     03F7  0826               	movf	___wmul@multiplicand,w
  1998     03F8  07A8               	addwf	___wmul@product,f
  1999     03F9  1803               	skipnc
  2000     03FA  0AA9               	incf	___wmul@product+1,f
  2001     03FB  0827               	movf	___wmul@multiplicand+1,w
  2002     03FC  07A9               	addwf	___wmul@product+1,f
  2003     03FD                     l246:
  2004     03FD  3001               	movlw	1
  2005     03FE                     u625:
  2006     03FE  1003               	clrc
  2007     03FF  0DA6               	rlf	___wmul@multiplicand,f
  2008     0400  0DA7               	rlf	___wmul@multiplicand+1,f
  2009     0401  3EFF               	addlw	-1
  2010     0402  1D03               	skipz
  2011     0403  2BFE               	goto	u625
  2012     0404                     l1046:
  2013     0404  3001               	movlw	1
  2014     0405                     u635:
  2015     0405  1003               	clrc
  2016     0406  0CA5               	rrf	___wmul@multiplier+1,f
  2017     0407  0CA4               	rrf	___wmul@multiplier,f
  2018     0408  3EFF               	addlw	-1
  2019     0409  1D03               	skipz
  2020     040A  2C05               	goto	u635
  2021     040B                     l1048:
  2022     040B  0824               	movf	___wmul@multiplier,w
  2023     040C  0425               	iorwf	___wmul@multiplier+1,w
  2024     040D  1D03               	btfss	3,2
  2025     040E  2C10               	goto	u641
  2026     040F  2C11               	goto	u640
  2027     0410                     u641:
  2028     0410  2BF3               	goto	l1042
  2029     0411                     u640:
  2030     0411                     l1050:
  2031     0411  0829               	movf	___wmul@product+1,w
  2032     0412  00A5               	movwf	?___wmul+1
  2033     0413  0828               	movf	___wmul@product,w
  2034     0414  00A4               	movwf	?___wmul
  2035     0415                     l248:
  2036     0415  0008               	return
  2037     0416                     __end_of___wmul:
  2038                           
  2039                           	psect	text10
  2040     0416                     __ptext10:	
  2041 ;; *************** function _adc_read *****************
  2042 ;; Defined at:
  2043 ;;		line 109 in file "main.c"
  2044 ;; Parameters:    Size  Location     Type
  2045 ;;  ch              1    wreg     unsigned char 
  2046 ;; Auto vars:     Size  Location     Type
  2047 ;;  ch              1    7[BANK0 ] unsigned char 
  2048 ;; Return value:  Size  Location     Type
  2049 ;;                  2    4[BANK0 ] unsigned short 
  2050 ;; Registers used:
  2051 ;;		wreg, status,2, status,0
  2052 ;; Tracked objects:
  2053 ;;		On entry : 0/0
  2054 ;;		On exit  : 0/0
  2055 ;;		Unchanged: 0/0
  2056 ;; Data sizes:     COMMON   BANK0   BANK1
  2057 ;;      Params:         0       2       0
  2058 ;;      Locals:         0       1       0
  2059 ;;      Temps:          0       1       0
  2060 ;;      Totals:         0       4       0
  2061 ;;Total ram usage:        4 bytes
  2062 ;; Hardware stack levels used: 1
  2063 ;; Hardware stack levels required when called: 1
  2064 ;; This function calls:
  2065 ;;		Nothing
  2066 ;; This function is called by:
  2067 ;;		_process_cmd
  2068 ;; This function uses a non-reentrant model
  2069 ;;
  2070                           
  2071     0416                     _adc_read:	
  2072                           ;psect for function _adc_read
  2073                           
  2074                           
  2075                           ;incstack = 0
  2076                           ; Regs used in _adc_read: [wreg+status,2+status,0]
  2077                           ;adc_read@ch stored from wreg
  2078     0416  1283               	bcf	3,5	;RP0=0, select bank0
  2079     0417  1303               	bcf	3,6	;RP1=0, select bank0
  2080     0418  00A7               	movwf	adc_read@ch
  2081     0419                     l1130:
  2082                           
  2083                           ;main.c: 109: static uint16_t adc_read(uint8_t ch);main.c: 110: {;main.c: 112:     ADCON
      +                          0 = 0x41u | (uint8_t)(ch << 3u);
  2084     0419  0827               	movf	adc_read@ch,w
  2085     041A  00A6               	movwf	??_adc_read
  2086     041B  3002               	movlw	2
  2087     041C                     u825:
  2088     041C  1003               	clrc
  2089     041D  0DA6               	rlf	??_adc_read,f
  2090     041E  3EFF               	addlw	-1
  2091     041F  1D03               	skipz
  2092     0420  2C1C               	goto	u825
  2093     0421  1003               	clrc
  2094     0422  0D26               	rlf	??_adc_read,w
  2095     0423  3841               	iorlw	65
  2096     0424  009F               	movwf	31	;volatile
  2097     0425                     l1132:
  2098                           
  2099                           ;main.c: 113:     _delay((unsigned long)((30)*(4000000UL/4000000.0)));
  2100     0425  3009               	movlw	9
  2101     0426  1283               	bcf	3,5	;RP0=0, select bank0
  2102     0427  1303               	bcf	3,6	;RP1=0, select bank0
  2103     0428  00A6               	movwf	??_adc_read
  2104     0429                     u1197:
  2105     0429  0BA6               	decfsz	??_adc_read,f
  2106     042A  2C29               	goto	u1197
  2107     042B  0000               	nop
  2108     042C                     l1134:
  2109                           
  2110                           ;main.c: 114:     ADCON0bits.GO_nDONE = 1u;
  2111     042C  1283               	bcf	3,5	;RP0=0, select bank0
  2112     042D  1303               	bcf	3,6	;RP1=0, select bank0
  2113     042E  151F               	bsf	31,2	;volatile
  2114     042F                     l95:	
  2115                           ;main.c: 115:     while (ADCON0bits.GO_nDONE);
  2116                           
  2117     042F  191F               	btfsc	31,2	;volatile
  2118     0430  2C32               	goto	u831
  2119     0431  2C33               	goto	u830
  2120     0432                     u831:
  2121     0432  2C2F               	goto	l95
  2122     0433                     u830:
  2123     0433                     l1136:
  2124                           
  2125                           ;main.c: 116:     return (uint16_t)(((uint16_t)ADRESH << 8u) | ADRESL);
  2126     0433  081E               	movf	30,w	;volatile
  2127     0434  00A5               	movwf	?_adc_read+1
  2128     0435  1683               	bsf	3,5	;RP0=1, select bank1
  2129     0436  1303               	bcf	3,6	;RP1=0, select bank1
  2130     0437  081E               	movf	30,w	;volatile
  2131     0438  1283               	bcf	3,5	;RP0=0, select bank0
  2132     0439  1303               	bcf	3,6	;RP1=0, select bank0
  2133     043A  00A4               	movwf	?_adc_read
  2134     043B                     l98:
  2135     043B  0008               	return
  2136     043C                     __end_of_adc_read:
  2137                           
  2138                           	psect	text11
  2139     02EB                     __ptext11:	
  2140 ;; *************** function ___lmul *****************
  2141 ;; Defined at:
  2142 ;;		line 15 in file "C:\Program Files\Microchip\xc8\v3.10\pic\sources\c99\common\Umul32.c"
  2143 ;; Parameters:    Size  Location     Type
  2144 ;;  multiplier      4    8[BANK0 ] unsigned long 
  2145 ;;  multiplicand    4   12[BANK0 ] unsigned long 
  2146 ;; Auto vars:     Size  Location     Type
  2147 ;;  product         4   17[BANK0 ] unsigned long 
  2148 ;; Return value:  Size  Location     Type
  2149 ;;                  4    8[BANK0 ] unsigned long 
  2150 ;; Registers used:
  2151 ;;		wreg, status,2, status,0
  2152 ;; Tracked objects:
  2153 ;;		On entry : 0/0
  2154 ;;		On exit  : 0/0
  2155 ;;		Unchanged: 0/0
  2156 ;; Data sizes:     COMMON   BANK0   BANK1
  2157 ;;      Params:         0       8       0
  2158 ;;      Locals:         0       4       0
  2159 ;;      Temps:          0       1       0
  2160 ;;      Totals:         0      13       0
  2161 ;;Total ram usage:       13 bytes
  2162 ;; Hardware stack levels used: 1
  2163 ;; Hardware stack levels required when called: 1
  2164 ;; This function calls:
  2165 ;;		Nothing
  2166 ;; This function is called by:
  2167 ;;		_process_cmd
  2168 ;; This function uses a non-reentrant model
  2169 ;;
  2170                           
  2171     02EB                     ___lmul:	
  2172                           ;psect for function ___lmul
  2173                           
  2174     02EB                     l1178:	
  2175                           ;incstack = 0
  2176                           ; Regs used in ___lmul: [wreg+status,2+status,0]
  2177                           
  2178     02EB  3000               	movlw	0
  2179     02EC  1283               	bcf	3,5	;RP0=0, select bank0
  2180     02ED  1303               	bcf	3,6	;RP1=0, select bank0
  2181     02EE  00B4               	movwf	___lmul@product+3
  2182     02EF  3000               	movlw	0
  2183     02F0  00B3               	movwf	___lmul@product+2
  2184     02F1  3000               	movlw	0
  2185     02F2  00B2               	movwf	___lmul@product+1
  2186     02F3  3000               	movlw	0
  2187     02F4  00B1               	movwf	___lmul@product
  2188     02F5                     l1180:
  2189     02F5  1C28               	btfss	___lmul@multiplier,0
  2190     02F6  2AF8               	goto	u911
  2191     02F7  2AF9               	goto	u910
  2192     02F8                     u911:
  2193     02F8  2B10               	goto	l1184
  2194     02F9                     u910:
  2195     02F9                     l1182:
  2196     02F9  082C               	movf	___lmul@multiplicand,w
  2197     02FA  07B1               	addwf	___lmul@product,f
  2198     02FB  082D               	movf	___lmul@multiplicand+1,w
  2199     02FC  1103               	clrz
  2200     02FD  1803               	skipnc
  2201     02FE  3E01               	addlw	1
  2202     02FF  1903               	skipnz
  2203     0300  2B02               	goto	u921
  2204     0301  07B2               	addwf	___lmul@product+1,f
  2205     0302                     u921:
  2206     0302  082E               	movf	___lmul@multiplicand+2,w
  2207     0303  1103               	clrz
  2208     0304  1803               	skipnc
  2209     0305  3E01               	addlw	1
  2210     0306  1903               	skipnz
  2211     0307  2B09               	goto	u922
  2212     0308  07B3               	addwf	___lmul@product+2,f
  2213     0309                     u922:
  2214     0309  082F               	movf	___lmul@multiplicand+3,w
  2215     030A  1103               	clrz
  2216     030B  1803               	skipnc
  2217     030C  3E01               	addlw	1
  2218     030D  1903               	skipnz
  2219     030E  2B10               	goto	u923
  2220     030F  07B4               	addwf	___lmul@product+3,f
  2221     0310                     u923:
  2222     0310                     l1184:
  2223     0310  3001               	movlw	1
  2224     0311  00B0               	movwf	??___lmul
  2225     0312                     u935:
  2226     0312  1003               	clrc
  2227     0313  0DAC               	rlf	___lmul@multiplicand,f
  2228     0314  0DAD               	rlf	___lmul@multiplicand+1,f
  2229     0315  0DAE               	rlf	___lmul@multiplicand+2,f
  2230     0316  0DAF               	rlf	___lmul@multiplicand+3,f
  2231     0317  0BB0               	decfsz	??___lmul,f
  2232     0318  2B12               	goto	u935
  2233     0319                     l1186:
  2234     0319  3001               	movlw	1
  2235     031A                     u945:
  2236     031A  1003               	clrc
  2237     031B  0CAB               	rrf	___lmul@multiplier+3,f
  2238     031C  0CAA               	rrf	___lmul@multiplier+2,f
  2239     031D  0CA9               	rrf	___lmul@multiplier+1,f
  2240     031E  0CA8               	rrf	___lmul@multiplier,f
  2241     031F  3EFF               	addlw	-1
  2242     0320  1D03               	skipz
  2243     0321  2B1A               	goto	u945
  2244     0322  082B               	movf	___lmul@multiplier+3,w
  2245     0323  042A               	iorwf	___lmul@multiplier+2,w
  2246     0324  0429               	iorwf	___lmul@multiplier+1,w
  2247     0325  0428               	iorwf	___lmul@multiplier,w
  2248     0326  1D03               	skipz
  2249     0327  2B29               	goto	u951
  2250     0328  2B2A               	goto	u950
  2251     0329                     u951:
  2252     0329  2AF5               	goto	l1180
  2253     032A                     u950:
  2254     032A                     l1188:
  2255     032A  0834               	movf	___lmul@product+3,w
  2256     032B  00AB               	movwf	?___lmul+3
  2257     032C  0833               	movf	___lmul@product+2,w
  2258     032D  00AA               	movwf	?___lmul+2
  2259     032E  0832               	movf	___lmul@product+1,w
  2260     032F  00A9               	movwf	?___lmul+1
  2261     0330  0831               	movf	___lmul@product,w
  2262     0331  00A8               	movwf	?___lmul
  2263     0332                     l260:
  2264     0332  0008               	return
  2265     0333                     __end_of___lmul:
  2266                           
  2267                           	psect	text12
  2268     01ED                     __ptext12:	
  2269 ;; *************** function ___lldiv *****************
  2270 ;; Defined at:
  2271 ;;		line 5 in file "C:\Program Files\Microchip\xc8\v3.10\pic\sources\c99\common\__lldiv.c"
  2272 ;; Parameters:    Size  Location     Type
  2273 ;;  divisor         4   21[BANK0 ] unsigned long 
  2274 ;;  dividend        4   25[BANK0 ] unsigned long 
  2275 ;; Auto vars:     Size  Location     Type
  2276 ;;  quotient        4   30[BANK0 ] unsigned long 
  2277 ;;  counter         1   34[BANK0 ] unsigned char 
  2278 ;; Return value:  Size  Location     Type
  2279 ;;                  4   21[BANK0 ] unsigned long 
  2280 ;; Registers used:
  2281 ;;		wreg, status,2, status,0
  2282 ;; Tracked objects:
  2283 ;;		On entry : 0/0
  2284 ;;		On exit  : 0/0
  2285 ;;		Unchanged: 0/0
  2286 ;; Data sizes:     COMMON   BANK0   BANK1
  2287 ;;      Params:         0       8       0
  2288 ;;      Locals:         0       5       0
  2289 ;;      Temps:          0       1       0
  2290 ;;      Totals:         0      14       0
  2291 ;;Total ram usage:       14 bytes
  2292 ;; Hardware stack levels used: 1
  2293 ;; Hardware stack levels required when called: 1
  2294 ;; This function calls:
  2295 ;;		Nothing
  2296 ;; This function is called by:
  2297 ;;		_process_cmd
  2298 ;; This function uses a non-reentrant model
  2299 ;;
  2300                           
  2301     01ED                     ___lldiv:	
  2302                           ;psect for function ___lldiv
  2303                           
  2304     01ED                     l1192:	
  2305                           ;incstack = 0
  2306                           ; Regs used in ___lldiv: [wreg+status,2+status,0]
  2307                           
  2308     01ED  3000               	movlw	0
  2309     01EE  1283               	bcf	3,5	;RP0=0, select bank0
  2310     01EF  1303               	bcf	3,6	;RP1=0, select bank0
  2311     01F0  00C1               	movwf	___lldiv@quotient+3
  2312     01F1  3000               	movlw	0
  2313     01F2  00C0               	movwf	___lldiv@quotient+2
  2314     01F3  3000               	movlw	0
  2315     01F4  00BF               	movwf	___lldiv@quotient+1
  2316     01F5  3000               	movlw	0
  2317     01F6  00BE               	movwf	___lldiv@quotient
  2318     01F7  0838               	movf	___lldiv@divisor+3,w
  2319     01F8  0437               	iorwf	___lldiv@divisor+2,w
  2320     01F9  0436               	iorwf	___lldiv@divisor+1,w
  2321     01FA  0435               	iorwf	___lldiv@divisor,w
  2322     01FB  1903               	skipnz
  2323     01FC  29FE               	goto	u961
  2324     01FD  29FF               	goto	u960
  2325     01FE                     u961:
  2326     01FE  2A4A               	goto	l1212
  2327     01FF                     u960:
  2328     01FF                     l1194:
  2329     01FF  3001               	movlw	1
  2330     0200  00C2               	movwf	___lldiv@counter
  2331     0201  2A0D               	goto	l1198
  2332     0202                     l1196:
  2333     0202  3001               	movlw	1
  2334     0203  00BD               	movwf	??___lldiv
  2335     0204                     u975:
  2336     0204  1003               	clrc
  2337     0205  0DB5               	rlf	___lldiv@divisor,f
  2338     0206  0DB6               	rlf	___lldiv@divisor+1,f
  2339     0207  0DB7               	rlf	___lldiv@divisor+2,f
  2340     0208  0DB8               	rlf	___lldiv@divisor+3,f
  2341     0209  0BBD               	decfsz	??___lldiv,f
  2342     020A  2A04               	goto	u975
  2343     020B  3001               	movlw	1
  2344     020C  07C2               	addwf	___lldiv@counter,f
  2345     020D                     l1198:
  2346     020D  1FB8               	btfss	___lldiv@divisor+3,7
  2347     020E  2A10               	goto	u981
  2348     020F  2A11               	goto	u980
  2349     0210                     u981:
  2350     0210  2A02               	goto	l1196
  2351     0211                     u980:
  2352     0211                     l1200:
  2353     0211  3001               	movlw	1
  2354     0212  00BD               	movwf	??___lldiv
  2355     0213                     u995:
  2356     0213  1003               	clrc
  2357     0214  0DBE               	rlf	___lldiv@quotient,f
  2358     0215  0DBF               	rlf	___lldiv@quotient+1,f
  2359     0216  0DC0               	rlf	___lldiv@quotient+2,f
  2360     0217  0DC1               	rlf	___lldiv@quotient+3,f
  2361     0218  0BBD               	decfsz	??___lldiv,f
  2362     0219  2A13               	goto	u995
  2363     021A                     l1202:
  2364     021A  0838               	movf	___lldiv@divisor+3,w
  2365     021B  023C               	subwf	___lldiv@dividend+3,w
  2366     021C  1D03               	skipz
  2367     021D  2A28               	goto	u1005
  2368     021E  0837               	movf	___lldiv@divisor+2,w
  2369     021F  023B               	subwf	___lldiv@dividend+2,w
  2370     0220  1D03               	skipz
  2371     0221  2A28               	goto	u1005
  2372     0222  0836               	movf	___lldiv@divisor+1,w
  2373     0223  023A               	subwf	___lldiv@dividend+1,w
  2374     0224  1D03               	skipz
  2375     0225  2A28               	goto	u1005
  2376     0226  0835               	movf	___lldiv@divisor,w
  2377     0227  0239               	subwf	___lldiv@dividend,w
  2378     0228                     u1005:
  2379     0228  1C03               	skipc
  2380     0229  2A2B               	goto	u1001
  2381     022A  2A2C               	goto	u1000
  2382     022B                     u1001:
  2383     022B  2A3B               	goto	l1208
  2384     022C                     u1000:
  2385     022C                     l1204:
  2386     022C  0835               	movf	___lldiv@divisor,w
  2387     022D  02B9               	subwf	___lldiv@dividend,f
  2388     022E  0836               	movf	___lldiv@divisor+1,w
  2389     022F  1C03               	skipc
  2390     0230  0F36               	incfsz	___lldiv@divisor+1,w
  2391     0231  02BA               	subwf	___lldiv@dividend+1,f
  2392     0232  0837               	movf	___lldiv@divisor+2,w
  2393     0233  1C03               	skipc
  2394     0234  0F37               	incfsz	___lldiv@divisor+2,w
  2395     0235  02BB               	subwf	___lldiv@dividend+2,f
  2396     0236  0838               	movf	___lldiv@divisor+3,w
  2397     0237  1C03               	skipc
  2398     0238  0F38               	incfsz	___lldiv@divisor+3,w
  2399     0239  02BC               	subwf	___lldiv@dividend+3,f
  2400     023A                     l1206:
  2401     023A  143E               	bsf	___lldiv@quotient,0
  2402     023B                     l1208:
  2403     023B  3001               	movlw	1
  2404     023C                     u1015:
  2405     023C  1003               	clrc
  2406     023D  0CB8               	rrf	___lldiv@divisor+3,f
  2407     023E  0CB7               	rrf	___lldiv@divisor+2,f
  2408     023F  0CB6               	rrf	___lldiv@divisor+1,f
  2409     0240  0CB5               	rrf	___lldiv@divisor,f
  2410     0241  3EFF               	addlw	-1
  2411     0242  1D03               	skipz
  2412     0243  2A3C               	goto	u1015
  2413     0244                     l1210:
  2414     0244  3001               	movlw	1
  2415     0245  02C2               	subwf	___lldiv@counter,f
  2416     0246  1D03               	btfss	3,2
  2417     0247  2A49               	goto	u1021
  2418     0248  2A4A               	goto	u1020
  2419     0249                     u1021:
  2420     0249  2A11               	goto	l1200
  2421     024A                     u1020:
  2422     024A                     l1212:
  2423     024A  0841               	movf	___lldiv@quotient+3,w
  2424     024B  00B8               	movwf	?___lldiv+3
  2425     024C  0840               	movf	___lldiv@quotient+2,w
  2426     024D  00B7               	movwf	?___lldiv+2
  2427     024E  083F               	movf	___lldiv@quotient+1,w
  2428     024F  00B6               	movwf	?___lldiv+1
  2429     0250  083E               	movf	___lldiv@quotient,w
  2430     0251  00B5               	movwf	?___lldiv
  2431     0252                     l282:
  2432     0252  0008               	return
  2433     0253                     __end_of___lldiv:
  2434                           
  2435                           	psect	text13
  2436     049C                     __ptext13:	
  2437 ;; *************** function _init_uart *****************
  2438 ;; Defined at:
  2439 ;;		line 260 in file "main.c"
  2440 ;; Parameters:    Size  Location     Type
  2441 ;;		None
  2442 ;; Auto vars:     Size  Location     Type
  2443 ;;		None
  2444 ;; Return value:  Size  Location     Type
  2445 ;;                  1    wreg      void 
  2446 ;; Registers used:
  2447 ;;		None
  2448 ;; Tracked objects:
  2449 ;;		On entry : 0/0
  2450 ;;		On exit  : 0/0
  2451 ;;		Unchanged: 0/0
  2452 ;; Data sizes:     COMMON   BANK0   BANK1
  2453 ;;      Params:         0       0       0
  2454 ;;      Locals:         0       0       0
  2455 ;;      Temps:          0       0       0
  2456 ;;      Totals:         0       0       0
  2457 ;;Total ram usage:        0 bytes
  2458 ;; Hardware stack levels used: 1
  2459 ;; Hardware stack levels required when called: 1
  2460 ;; This function calls:
  2461 ;;		Nothing
  2462 ;; This function is called by:
  2463 ;;		_main
  2464 ;; This function uses a non-reentrant model
  2465 ;;
  2466                           
  2467     049C                     _init_uart:	
  2468                           ;psect for function _init_uart
  2469                           
  2470     049C                     l964:	
  2471                           ;incstack = 0
  2472                           ; Regs used in _init_uart: []
  2473                           
  2474                           
  2475                           ;main.c: 262:     SPBRG = 25u;
  2476     049C  3019               	movlw	25
  2477     049D  1683               	bsf	3,5	;RP0=1, select bank1
  2478     049E  1303               	bcf	3,6	;RP1=0, select bank1
  2479     049F  0099               	movwf	25	;volatile
  2480                           
  2481                           ;main.c: 263:     TXSTA = 0x24u;
  2482     04A0  3024               	movlw	36
  2483     04A1  0098               	movwf	24	;volatile
  2484                           
  2485                           ;main.c: 264:     RCSTA = 0x90u;
  2486     04A2  3090               	movlw	144
  2487     04A3  1283               	bcf	3,5	;RP0=0, select bank0
  2488     04A4  1303               	bcf	3,6	;RP1=0, select bank0
  2489     04A5  0098               	movwf	24	;volatile
  2490     04A6                     l145:
  2491     04A6  0008               	return
  2492     04A7                     __end_of_init_uart:
  2493                           
  2494                           	psect	text14
  2495     0484                     __ptext14:	
  2496 ;; *************** function _init_timer0 *****************
  2497 ;; Defined at:
  2498 ;;		line 267 in file "main.c"
  2499 ;; Parameters:    Size  Location     Type
  2500 ;;		None
  2501 ;; Auto vars:     Size  Location     Type
  2502 ;;		None
  2503 ;; Return value:  Size  Location     Type
  2504 ;;                  1    wreg      void 
  2505 ;; Registers used:
  2506 ;;		wreg, status,2
  2507 ;; Tracked objects:
  2508 ;;		On entry : 0/0
  2509 ;;		On exit  : 0/0
  2510 ;;		Unchanged: 0/0
  2511 ;; Data sizes:     COMMON   BANK0   BANK1
  2512 ;;      Params:         0       0       0
  2513 ;;      Locals:         0       0       0
  2514 ;;      Temps:          0       0       0
  2515 ;;      Totals:         0       0       0
  2516 ;;Total ram usage:        0 bytes
  2517 ;; Hardware stack levels used: 1
  2518 ;; Hardware stack levels required when called: 1
  2519 ;; This function calls:
  2520 ;;		Nothing
  2521 ;; This function is called by:
  2522 ;;		_main
  2523 ;; This function uses a non-reentrant model
  2524 ;;
  2525                           
  2526     0484                     _init_timer0:	
  2527                           ;psect for function _init_timer0
  2528                           
  2529     0484                     l966:	
  2530                           ;incstack = 0
  2531                           ; Regs used in _init_timer0: [wreg+status,2]
  2532                           
  2533                           
  2534                           ;main.c: 270:     OPTION_REG = (OPTION_REG & 0xC0u) | 0x04u;
  2535     0484  1683               	bsf	3,5	;RP0=1, select bank1
  2536     0485  1303               	bcf	3,6	;RP1=0, select bank1
  2537     0486  0801               	movf	1,w	;volatile
  2538     0487  39C0               	andlw	192
  2539     0488  3804               	iorlw	4
  2540     0489  0081               	movwf	1	;volatile
  2541     048A                     l968:
  2542                           
  2543                           ;main.c: 271:     TMR0 = 100u;
  2544     048A  3064               	movlw	100
  2545     048B  1283               	bcf	3,5	;RP0=0, select bank0
  2546     048C  1303               	bcf	3,6	;RP1=0, select bank0
  2547     048D  0081               	movwf	1	;volatile
  2548     048E                     l970:
  2549                           
  2550                           ;main.c: 272:     INTCONbits.T0IE = 1u;
  2551     048E  168B               	bsf	11,5	;volatile
  2552     048F                     l148:
  2553     048F  0008               	return
  2554     0490                     __end_of_init_timer0:
  2555                           
  2556                           	psect	text15
  2557     0490                     __ptext15:	
  2558 ;; *************** function _init_pwm *****************
  2559 ;; Defined at:
  2560 ;;		line 252 in file "main.c"
  2561 ;; Parameters:    Size  Location     Type
  2562 ;;		None
  2563 ;; Auto vars:     Size  Location     Type
  2564 ;;		None
  2565 ;; Return value:  Size  Location     Type
  2566 ;;                  1    wreg      void 
  2567 ;; Registers used:
  2568 ;;		status,2
  2569 ;; Tracked objects:
  2570 ;;		On entry : 0/0
  2571 ;;		On exit  : 0/0
  2572 ;;		Unchanged: 0/0
  2573 ;; Data sizes:     COMMON   BANK0   BANK1
  2574 ;;      Params:         0       0       0
  2575 ;;      Locals:         0       0       0
  2576 ;;      Temps:          0       0       0
  2577 ;;      Totals:         0       0       0
  2578 ;;Total ram usage:        0 bytes
  2579 ;; Hardware stack levels used: 1
  2580 ;; Hardware stack levels required when called: 1
  2581 ;; This function calls:
  2582 ;;		Nothing
  2583 ;; This function is called by:
  2584 ;;		_main
  2585 ;; This function uses a non-reentrant model
  2586 ;;
  2587                           
  2588     0490                     _init_pwm:	
  2589                           ;psect for function _init_pwm
  2590                           
  2591     0490                     l956:	
  2592                           ;incstack = 0
  2593                           ; Regs used in _init_pwm: [status,2]
  2594                           
  2595                           
  2596                           ;main.c: 254:     PR2 = 249u;
  2597     0490  30F9               	movlw	249
  2598     0491  1683               	bsf	3,5	;RP0=1, select bank1
  2599     0492  1303               	bcf	3,6	;RP1=0, select bank1
  2600     0493  0092               	movwf	18	;volatile
  2601     0494                     l958:
  2602                           
  2603                           ;main.c: 255:     CCPR1L = 0x00u;
  2604     0494  1283               	bcf	3,5	;RP0=0, select bank0
  2605     0495  1303               	bcf	3,6	;RP1=0, select bank0
  2606     0496  0195               	clrf	21	;volatile
  2607     0497                     l960:
  2608                           
  2609                           ;main.c: 256:     CCP1CON = 0x0Cu;
  2610     0497  300C               	movlw	12
  2611     0498  0097               	movwf	23	;volatile
  2612     0499                     l962:
  2613                           
  2614                           ;main.c: 257:     T2CON = 0x05u;
  2615     0499  3005               	movlw	5
  2616     049A  0092               	movwf	18	;volatile
  2617     049B                     l142:
  2618     049B  0008               	return
  2619     049C                     __end_of_init_pwm:
  2620                           
  2621                           	psect	text16
  2622     0477                     __ptext16:	
  2623 ;; *************** function _init_ports *****************
  2624 ;; Defined at:
  2625 ;;		line 232 in file "main.c"
  2626 ;; Parameters:    Size  Location     Type
  2627 ;;		None
  2628 ;; Auto vars:     Size  Location     Type
  2629 ;;		None
  2630 ;; Return value:  Size  Location     Type
  2631 ;;                  1    wreg      void 
  2632 ;; Registers used:
  2633 ;;		status,2
  2634 ;; Tracked objects:
  2635 ;;		On entry : 0/0
  2636 ;;		On exit  : 0/0
  2637 ;;		Unchanged: 0/0
  2638 ;; Data sizes:     COMMON   BANK0   BANK1
  2639 ;;      Params:         0       0       0
  2640 ;;      Locals:         0       0       0
  2641 ;;      Temps:          0       0       0
  2642 ;;      Totals:         0       0       0
  2643 ;;Total ram usage:        0 bytes
  2644 ;; Hardware stack levels used: 1
  2645 ;; Hardware stack levels required when called: 1
  2646 ;; This function calls:
  2647 ;;		Nothing
  2648 ;; This function is called by:
  2649 ;;		_main
  2650 ;; This function uses a non-reentrant model
  2651 ;;
  2652                           
  2653     0477                     _init_ports:	
  2654                           ;psect for function _init_ports
  2655                           
  2656     0477                     l948:	
  2657                           ;incstack = 0
  2658                           ; Regs used in _init_ports: [status,2]
  2659                           
  2660                           
  2661                           ;main.c: 234:     TRISA = 0x3Fu;
  2662     0477  303F               	movlw	63
  2663     0478  1683               	bsf	3,5	;RP0=1, select bank1
  2664     0479  1303               	bcf	3,6	;RP1=0, select bank1
  2665     047A  0085               	movwf	5	;volatile
  2666     047B                     l950:
  2667                           
  2668                           ;main.c: 235:     TRISB = 0x00u;
  2669     047B  0186               	clrf	6	;volatile
  2670     047C                     l952:
  2671                           
  2672                           ;main.c: 236:     TRISC = 0x80u;
  2673     047C  3080               	movlw	128
  2674     047D  0087               	movwf	7	;volatile
  2675                           
  2676                           ;main.c: 237:     PORTA = 0x00u;
  2677     047E  1283               	bcf	3,5	;RP0=0, select bank0
  2678     047F  1303               	bcf	3,6	;RP1=0, select bank0
  2679     0480  0185               	clrf	5	;volatile
  2680                           
  2681                           ;main.c: 238:     PORTB = 0x00u;
  2682     0481  0186               	clrf	6	;volatile
  2683                           
  2684                           ;main.c: 239:     PORTC = 0x00u;
  2685     0482  0187               	clrf	7	;volatile
  2686     0483                     l136:
  2687     0483  0008               	return
  2688     0484                     __end_of_init_ports:
  2689                           
  2690                           	psect	text17
  2691     04B1                     __ptext17:	
  2692 ;; *************** function _init_adc *****************
  2693 ;; Defined at:
  2694 ;;		line 242 in file "main.c"
  2695 ;; Parameters:    Size  Location     Type
  2696 ;;		None
  2697 ;; Auto vars:     Size  Location     Type
  2698 ;;		None
  2699 ;; Return value:  Size  Location     Type
  2700 ;;                  1    wreg      void 
  2701 ;; Registers used:
  2702 ;;		None
  2703 ;; Tracked objects:
  2704 ;;		On entry : 0/0
  2705 ;;		On exit  : 0/0
  2706 ;;		Unchanged: 0/0
  2707 ;; Data sizes:     COMMON   BANK0   BANK1
  2708 ;;      Params:         0       0       0
  2709 ;;      Locals:         0       0       0
  2710 ;;      Temps:          0       0       0
  2711 ;;      Totals:         0       0       0
  2712 ;;Total ram usage:        0 bytes
  2713 ;; Hardware stack levels used: 1
  2714 ;; Hardware stack levels required when called: 1
  2715 ;; This function calls:
  2716 ;;		Nothing
  2717 ;; This function is called by:
  2718 ;;		_main
  2719 ;; This function uses a non-reentrant model
  2720 ;;
  2721                           
  2722     04B1                     _init_adc:	
  2723                           ;psect for function _init_adc
  2724                           
  2725     04B1                     l954:	
  2726                           ;incstack = 0
  2727                           ; Regs used in _init_adc: []
  2728                           
  2729                           
  2730                           ;main.c: 246:     ADCON1 = 0x80u;
  2731     04B1  3080               	movlw	128
  2732     04B2  1683               	bsf	3,5	;RP0=1, select bank1
  2733     04B3  1303               	bcf	3,6	;RP1=0, select bank1
  2734     04B4  009F               	movwf	31	;volatile
  2735                           
  2736                           ;main.c: 249:     ADCON0 = 0x41u;
  2737     04B5  3041               	movlw	65
  2738     04B6  1283               	bcf	3,5	;RP0=0, select bank0
  2739     04B7  1303               	bcf	3,6	;RP1=0, select bank0
  2740     04B8  009F               	movwf	31	;volatile
  2741     04B9                     l139:
  2742     04B9  0008               	return
  2743     04BA                     __end_of_init_adc:
  2744                           
  2745                           	psect	text18
  2746     02A1                     __ptext18:	
  2747 ;; *************** function _isr *****************
  2748 ;; Defined at:
  2749 ;;		line 135 in file "main.c"
  2750 ;; Parameters:    Size  Location     Type
  2751 ;;		None
  2752 ;; Auto vars:     Size  Location     Type
  2753 ;;  c               1    3[BANK0 ] unsigned char 
  2754 ;; Return value:  Size  Location     Type
  2755 ;;                  1    wreg      void 
  2756 ;; Registers used:
  2757 ;;		wreg, fsr0l, fsr0h, status,2, status,0
  2758 ;; Tracked objects:
  2759 ;;		On entry : 0/0
  2760 ;;		On exit  : 0/0
  2761 ;;		Unchanged: 0/0
  2762 ;; Data sizes:     COMMON   BANK0   BANK1
  2763 ;;      Params:         0       0       0
  2764 ;;      Locals:         0       1       0
  2765 ;;      Temps:          0       3       0
  2766 ;;      Totals:         0       4       0
  2767 ;;Total ram usage:        4 bytes
  2768 ;; Hardware stack levels used: 1
  2769 ;; This function calls:
  2770 ;;		Nothing
  2771 ;; This function is called by:
  2772 ;;		Interrupt level 1
  2773 ;; This function uses a non-reentrant model
  2774 ;;
  2775                           
  2776     02A1                     _isr:	
  2777                           ;psect for function _isr
  2778                           
  2779     02A1                     i1l1264:
  2780                           
  2781                           ;main.c: 137:     if (INTCONbits.T0IF)
  2782     02A1  1D0B               	btfss	11,2	;volatile
  2783     02A2  2AA4               	goto	u106_21
  2784     02A3  2AA5               	goto	u106_20
  2785     02A4                     u106_21:
  2786     02A4  2AAA               	goto	i1l106
  2787     02A5                     u106_20:
  2788     02A5                     i1l1266:
  2789                           
  2790                           ;main.c: 138:     {;main.c: 139:         INTCONbits.T0IF = 0u;
  2791     02A5  110B               	bcf	11,2	;volatile
  2792                           
  2793                           ;main.c: 140:         TMR0 = 100u;
  2794     02A6  3064               	movlw	100
  2795     02A7  0081               	movwf	1	;volatile
  2796                           
  2797                           ;main.c: 141:         step_tick = 1u;
  2798     02A8  3001               	movlw	1
  2799     02A9  00F2               	movwf	_step_tick	;volatile
  2800     02AA                     i1l106:	
  2801                           ;main.c: 142:     }
  2802                           
  2803                           
  2804                           ;main.c: 144:     if (PIR1bits.RCIF)
  2805     02AA  1E8C               	btfss	12,5	;volatile
  2806     02AB  2AAD               	goto	u107_21
  2807     02AC  2AAE               	goto	u107_20
  2808     02AD                     u107_21:
  2809     02AD  2AE2               	goto	i1l115
  2810     02AE                     u107_20:
  2811     02AE                     i1l1268:
  2812                           
  2813                           ;main.c: 145:     {;main.c: 146:         if (RCSTAbits.OERR)
  2814     02AE  1C98               	btfss	24,1	;volatile
  2815     02AF  2AB1               	goto	u108_21
  2816     02B0  2AB2               	goto	u108_20
  2817     02B1                     u108_21:
  2818     02B1  2AB4               	goto	i1l1272
  2819     02B2                     u108_20:
  2820     02B2                     i1l1270:
  2821                           
  2822                           ;main.c: 147:         {;main.c: 148:             RCSTAbits.CREN = 0u;
  2823     02B2  1218               	bcf	24,4	;volatile
  2824                           
  2825                           ;main.c: 149:             RCSTAbits.CREN = 1u;
  2826     02B3  1618               	bsf	24,4	;volatile
  2827     02B4                     i1l1272:
  2828                           
  2829                           ;main.c: 152:         char c = (char)RCREG;
  2830     02B4  081A               	movf	26,w	;volatile
  2831     02B5  00A3               	movwf	isr@c
  2832     02B6                     i1l1274:
  2833                           
  2834                           ;main.c: 154:         if (c == '\n' || c == '\r')
  2835     02B6  300A               	movlw	10
  2836     02B7  0623               	xorwf	isr@c,w
  2837     02B8  1903               	btfsc	3,2
  2838     02B9  2ABB               	goto	u109_21
  2839     02BA  2ABC               	goto	u109_20
  2840     02BB                     u109_21:
  2841     02BB  2AC2               	goto	i1l1278
  2842     02BC                     u109_20:
  2843     02BC                     i1l1276:
  2844     02BC  300D               	movlw	13
  2845     02BD  0623               	xorwf	isr@c,w
  2846     02BE  1D03               	btfss	3,2
  2847     02BF  2AC1               	goto	u110_21
  2848     02C0  2AC2               	goto	u110_20
  2849     02C1                     u110_21:
  2850     02C1  2ACF               	goto	i1l1284
  2851     02C2                     u110_20:
  2852     02C2                     i1l1278:
  2853                           
  2854                           ;main.c: 155:         {;main.c: 156:             if (cmd_len > 0u && !cmd_ready)
  2855     02C2  086F               	movf	_cmd_len,w	;volatile
  2856     02C3  1903               	btfsc	3,2
  2857     02C4  2AC6               	goto	u111_21
  2858     02C5  2AC7               	goto	u111_20
  2859     02C6                     u111_21:
  2860     02C6  2AE2               	goto	i1l115
  2861     02C7                     u111_20:
  2862     02C7                     i1l1280:
  2863     02C7  0870               	movf	_cmd_ready,w	;volatile
  2864     02C8  1D03               	btfss	3,2
  2865     02C9  2ACB               	goto	u112_21
  2866     02CA  2ACC               	goto	u112_20
  2867     02CB                     u112_21:
  2868     02CB  2AE2               	goto	i1l115
  2869     02CC                     u112_20:
  2870     02CC                     i1l1282:
  2871                           
  2872                           ;main.c: 157:             {;main.c: 158:                 cmd_ready = 1u;
  2873     02CC  3001               	movlw	1
  2874     02CD  00F0               	movwf	_cmd_ready	;volatile
  2875     02CE  2AE2               	goto	i1l115
  2876     02CF                     i1l1284:
  2877     02CF  0870               	movf	_cmd_ready,w	;volatile
  2878     02D0  1D03               	btfss	3,2
  2879     02D1  2AD3               	goto	u113_21
  2880     02D2  2AD4               	goto	u113_20
  2881     02D3                     u113_21:
  2882     02D3  2AE2               	goto	i1l115
  2883     02D4                     u113_20:
  2884     02D4                     i1l1286:
  2885     02D4  3017               	movlw	23
  2886     02D5  026F               	subwf	_cmd_len,w	;volatile
  2887     02D6  1803               	skipnc
  2888     02D7  2AD9               	goto	u114_21
  2889     02D8  2ADA               	goto	u114_20
  2890     02D9                     u114_21:
  2891     02D9  2AE2               	goto	i1l115
  2892     02DA                     u114_20:
  2893     02DA                     i1l1288:
  2894                           
  2895                           ;main.c: 164:         {;main.c: 165:             cmd_buf[cmd_len++] = c;
  2896     02DA  086F               	movf	_cmd_len,w
  2897     02DB  3EA0               	addlw	(low (_cmd_buf| 0))& (0+255)
  2898     02DC  0084               	movwf	4
  2899     02DD  0823               	movf	isr@c,w
  2900     02DE  1383               	bcf	3,7	;select IRP bank1
  2901     02DF  0080               	movwf	0
  2902     02E0                     i1l1290:
  2903     02E0  3001               	movlw	1
  2904     02E1  07EF               	addwf	_cmd_len,f	;volatile
  2905     02E2                     i1l115:
  2906     02E2  0822               	movf	??_isr+2,w
  2907     02E3  008A               	movwf	10
  2908     02E4  0821               	movf	??_isr+1,w
  2909     02E5  0084               	movwf	4
  2910     02E6  0E20               	swapf	??_isr,w
  2911     02E7  0083               	movwf	3
  2912     02E8  0EFE               	swapf	btemp,f
  2913     02E9  0E7E               	swapf	btemp,w
  2914     02EA  0009               	retfie
  2915     02EB                     __end_of_isr:
  2916     0001                     ___latbits      equ	1
  2917     007E                     btemp           set	126	;btemp
  2918     007E                     btemp0          set	126
  2919     007F                     btemp1          set	127
  2920     007E                     wtemp0          set	126
  2921     007F                     wtemp0a         set	127
  2922     007F                     ttemp0a         set	127
  2923     0080                     ltemp0a         set	128
  2924                           
  2925                           	psect	intentry
  2926     0004                     __pintentry:	
  2927                           ;incstack = 0
  2928                           ; Regs used in _isr: [wreg-fsr0h+status,2+status,0]
  2929                           
  2930     0004                     interrupt_function:
  2931     007E                     saved_w         set	btemp
  2932     0004  00FE               	movwf	btemp
  2933     0005  0E03               	swapf	3,w
  2934     0006  1283               	bcf	3,5	;RP0=0, select bank0
  2935     0007  1303               	bcf	3,6	;RP1=0, select bank0
  2936     0008  00A0               	movwf	??_isr
  2937     0009  0804               	movf	4,w
  2938     000A  00A1               	movwf	??_isr+1
  2939     000B  080A               	movf	10,w
  2940     000C  00A2               	movwf	??_isr+2
  2941     000D  118A  2AA1         	ljmp	_isr
  2942                           
  2943                           	psect	config
  2944                           
  2945                           ;Config register CONFIG @ 0x2007
  2946                           ;	Oscillator Selection bits
  2947                           ;	FOSC = XT, XT oscillator
  2948                           ;	Watchdog Timer Enable bit
  2949                           ;	WDTE = OFF, WDT disabled
  2950                           ;	Power-up Timer Enable bit
  2951                           ;	PWRTE = ON, PWRT enabled
  2952                           ;	Brown-out Reset Enable bit
  2953                           ;	BOREN = ON, BOR enabled
  2954                           ;	Low-Voltage (Single-Supply) In-Circuit Serial Programming Enable bit
  2955                           ;	LVP = OFF, RB3 is digital I/O, HV on MCLR must be used for programming
  2956                           ;	Data EEPROM Memory Code Protection bit
  2957                           ;	CPD = OFF, Data EEPROM code protection off
  2958                           ;	Flash Program Memory Write Enable bits
  2959                           ;	WRT = OFF, Write protection off; all program memory may be written to by EECON control
  2960                           ;	In-Circuit Debugger Mode bit
  2961                           ;	DEBUG = 0x1, unprogrammed default
  2962                           ;	Flash Program Memory Code Protection bit
  2963                           ;	CP = OFF, Code protection off
  2964     2007                     	org	8199
  2965     2007  3F71               	dw	16241

Data Sizes:
    Strings     23
    Constant    4
    Data        0
    BSS         30
    Persistent  0
    Stack       0

Auto Spaces:
    Space          Size  Autos    Used
    COMMON            0      0       0
    BANK0            94     77      83
    BANK1            94      0      24

Pointer List with Targets:

    atoi@s	PTR const unsigned char  size(1) Largest target is 24
		 -> process_cmd@local(BANK0[24]), 

    uart_puts@s	PTR const unsigned char  size(1) Largest target is 5
		 -> STR_1(CODE[4]), STR_2(CODE[5]), STR_3(CODE[5]), STR_4(CODE[5]), 
		 -> STR_5(CODE[4]), 


Critical Paths under _main in COMMON

    None.

Critical Paths under _isr in COMMON

    None.

Critical Paths under _main in BANK0

    _main->_process_cmd
    _process_cmd->___lldiv
    _uart_putu->___lwdiv
    _uart_puts->_uart_putc
    _fan_set_pct->___lwdiv
    ___lwdiv->___wmul
    _atoi->___wmul
    ___lmul->_adc_read
    ___lldiv->___lmul

Critical Paths under _isr in BANK0

    None.

Critical Paths under _main in BANK1

    None.

Critical Paths under _isr in BANK1

    None.

Call Graph Tables:

 ---------------------------------------------------------------------------------
 (Depth) Function   	        Calls       Base Space   Used Autos Params    Refs
 ---------------------------------------------------------------------------------
 (0) _main                                                 1     1      0    2184
                                             76 BANK0      1     1      0
                           _init_adc
                         _init_ports
                           _init_pwm
                        _init_timer0
                          _init_uart
                        _process_cmd
                          _uart_puts
 ---------------------------------------------------------------------------------
 (1) _process_cmd                                         41    41      0    2105
                                             35 BANK0     41    41      0
                            ___lldiv
                             ___lmul
                           _adc_read
                               _atoi
                        _fan_set_pct
                          _uart_putc
                          _uart_puts
                          _uart_putu
 ---------------------------------------------------------------------------------
 (2) _uart_putu                                            9     7      2     564
                                             17 BANK0      9     7      2
                            ___lwdiv
                            ___lwmod
                          _uart_putc
 ---------------------------------------------------------------------------------
 (3) ___lwmod                                              5     1      4     161
                                              4 BANK0      5     1      4
 ---------------------------------------------------------------------------------
 (2) _uart_puts                                            1     0      1      79
                                              5 BANK0      1     0      1
                          _uart_putc
 ---------------------------------------------------------------------------------
 (3) _uart_putc                                            1     1      0      29
                                              4 BANK0      1     1      0
 ---------------------------------------------------------------------------------
 (2) _fan_set_pct                                          5     5      0     336
                                             17 BANK0      5     5      0
                            ___lwdiv
                             ___wmul
 ---------------------------------------------------------------------------------
 (3) ___lwdiv                                              7     3      4     166
                                             10 BANK0      7     3      4
                             ___wmul (ARG)
 ---------------------------------------------------------------------------------
 (2) _atoi                                                 7     5      2     326
                                             10 BANK0      7     5      2
                             ___wmul
 ---------------------------------------------------------------------------------
 (3) ___wmul                                               6     2      4      96
                                              4 BANK0      6     2      4
 ---------------------------------------------------------------------------------
 (2) _adc_read                                             4     2      2      29
                                              4 BANK0      4     2      2
 ---------------------------------------------------------------------------------
 (2) ___lmul                                              13     5      8      94
                                              8 BANK0     13     5      8
                           _adc_read (ARG)
 ---------------------------------------------------------------------------------
 (2) ___lldiv                                             14     6      8     164
                                             21 BANK0     14     6      8
                             ___lmul (ARG)
                           _adc_read (ARG)
 ---------------------------------------------------------------------------------
 (1) _init_uart                                            0     0      0       0
 ---------------------------------------------------------------------------------
 (1) _init_timer0                                          0     0      0       0
 ---------------------------------------------------------------------------------
 (1) _init_pwm                                             0     0      0       0
 ---------------------------------------------------------------------------------
 (1) _init_ports                                           0     0      0       0
 ---------------------------------------------------------------------------------
 (1) _init_adc                                             0     0      0       0
 ---------------------------------------------------------------------------------
 Estimated maximum stack depth 3
 ---------------------------------------------------------------------------------
 (Depth) Function   	        Calls       Base Space   Used Autos Params    Refs
 ---------------------------------------------------------------------------------
 (4) _isr                                                  4     4      0      67
                                              0 BANK0      4     4      0
 ---------------------------------------------------------------------------------
 Estimated maximum stack depth 4
 ---------------------------------------------------------------------------------

 Call Graph Graphs:

 _main (ROOT)
   _init_adc
   _init_ports
   _init_pwm
   _init_timer0
   _init_uart
   _process_cmd
     ___lldiv
       ___lmul (ARG)
         _adc_read (ARG)
       _adc_read (ARG)
     ___lmul
     _adc_read
     _atoi
       ___wmul
     _fan_set_pct
       ___lwdiv
         ___wmul (ARG)
       ___wmul
     _uart_putc
     _uart_puts
       _uart_putc
     _uart_putu
       ___lwdiv
       ___lwmod
       _uart_putc
   _uart_puts

 _isr (ROOT)

Address spaces:
Name               Size   Autos  Total    Usage
BITCOMMON            0      0       0      0.0%
BITBANK0            94      0       0      0.0%
BITBANK1            94      0       0      0.0%
COMMON               0      0       0      0.0%
BANK0               94     77      83     88.3%
BANK1               94      0      24     25.5%
STACK                0      0       0      0.0%
DATA                 0      0     107      0.0%


Microchip Technology PIC Macro Assembler V3.10 build 20250813170317 
Symbol Table                                                                                   Fri Jun  5 22:04:26 2026

                      pc 0002                       l73 04AA                       l82 0476  
                     l76 04B0                       l86 02A0                       l95 042F  
                     l98 043B                       fsr 0004      ___wmul@multiplicand 0026  
                    l101 03B4                      l133 0106                      l142 049B  
                    l136 0483                      l145 04A6                      l139 04B9  
                    l148 048F                      l260 0332                      l156 015B  
                    l246 03FD                      l248 0415                      l282 0252  
                    l526 0376                      l536 03EE                      l718 01EC  
                    l950 047B                      l952 047C                      l960 0497  
                    l954 04B1                      l962 0499                      l970 048E  
                    l948 0477                      l956 0490                      l964 049C  
                    l958 0494                      l966 0484                      l968 048A  
                    _PR2 0092                      u600 04AE                      u601 04AD  
                    u610 03F7                      u611 03F6                      u710 0372  
                    u711 0371                      u640 0411                      u720 03BD  
                    u800 028E                      u641 0410                      u625 03FE  
                    u705 0366                      u721 03BC                      u801 028D  
                    u650 033D                      u810 02A0                      u635 0405  
                    u651 033C                      u811 029F                      u900 01DC  
                    u740 03CD                      u901 01DB                      u741 03CC  
                    u910 02F9                      u830 0433                      u670 034D  
                    u750 03D7                      u911 02F8                      u831 0432  
                    u671 034C                      u751 03D6                      u735 03C1  
                    u921 0302                      u825 041C                      u665 0341  
                    u922 0309                      u850 018B                      u690 035E  
                    u770 03EA                      u923 0310                      u851 018A  
                    u691 035D                      u771 03E9                      u755 03D3  
                    u860 0196                      u780 0476                      u861 0195  
                    u685 034E                      u845 03AB                      u781 0475  
                    u765 03DE                      u950 032A                      u870 019E  
                    u790 025C                      u951 0329                      u935 0312  
                    u871 019D                      u695 035A                      u791 025B  
                    u960 01FF                      u880 01AB                      u961 01FE  
                    u945 031A                      u881 01AA                      u890 01D7  
                    u891 01D6                      u980 0211                      u981 0210  
                    u975 0204                      u995 0213                      _isr 02A1  
                    fsr0 0004                      indf 0000                     l1102 045D  
                   l1110 0253                     l1200 0211                     l1040 03EF  
                   l1104 045E                     l1120 0275                     l1112 0256  
                   l1210 0244                     l1202 021A                     l1130 0419  
                   l1050 0411                     l1042 03F3                     l1106 0466  
                   l1122 0277                     l1114 025C                     l1204 022C  
                   l1212 024A                     l1132 0425                     l1044 03F7  
                   l1060 0340                     l1140 037A                     l1036 04AA  
                   l1108 046A                     l1124 0288                     l1220 0026  
                   l1300 011A                     l1206 023A                     l1134 042C  
                   l1046 0404                     l1150 0182                     l1070 0364  
                   l1062 0347                     l1054 0333                     l1142 039B  
                   l1038 04AE                     l1126 028F                     l1118 0261  
                   l1230 003C                     l1222 0028                     l1310 012D  
                   l1302 011B                     l1208 023B                     l1136 0433  
                   l1048 040B                     l1160 01A3                     l1152 018B  
                   l1072 0365                     l1064 0349                     l1056 0337  
                   l1144 03A7                     l1080 03B5                     l1128 0299  
                   l1240 0044                     l1232 003D                     l1224 0033  
                   l1216 0021                     l1320 0154                     l1312 0134  
                   l1304 0122                     l1170 01D7                     l1154 0196  
                   l1146 017A                     l1074 036C                     l1066 034D  
                   l1058 033D                     l1090 03CD                     l1082 03BD  
                   l1250 00D0                     l1242 0085                     l1234 0043  
                   l1226 0035                     l1218 0022                     l1322 0161  
                   l1314 0135                     l1306 0129                     l1180 02F5  
                   l1172 01DC                     l1164 01AC                     l1156 019E  
                   l1148 0180                     l1068 035E                     l1076 0372  
                   l1092 03D7                     l1084 03C0                     l1252 00D9  
                   l1244 0087                     l1228 003B                     l1324 0166  
                   l1316 0142                     l1308 012A                     l1182 02F9  
                   l1174 01E8                     l1158 01A0                     l1094 03DD  
                   l1086 03C7                     l1254 00DF                     l1246 008D  
                   l1262 00F2                     l1326 0171                     l1318 0149  
                   l1192 01ED                     l1184 0310                     l1168 01CC  
                   l1096 03E4                     l1088 03C9                     l1256 00E1  
                   l1248 00CB                     l1194 01FF                     l1186 0319  
                   l1178 02EB                     l1098 03EA                     l1258 00E6  
                   l1196 0202                     l1188 032A                     l1292 0107  
                   l1198 020D                     l1294 0113                     l1296 0116  
                   l1298 0119                     ?_isr 0020                     STR_1 0459  
                   STR_2 0446                     STR_3 044B                     STR_4 0450  
                   STR_5 0455                     u1000 022C                     u1001 022B  
                   u1020 024A                     u1021 0249                     u1005 0228  
                   u1030 003B                     u1015 023C                     u1031 003A  
                   u1040 008D                     u1041 008C                     u1050 00DF  
                   u1051 00DE                     u1150 0129                     u1151 0128  
                   u1160 0134                     u1161 0133                     u1170 0142  
                   u1171 0141                     u1180 0161                     u1181 0160  
                   u1175 013E                     u1197 0429                     _TMR0 0001  
                   _atoi 017A                     _main 0107                     btemp 007E  
           process_cmd@i 006A                     isr@c 0023                     start 000F  
                  ??_isr 0020                    ?_atoi 002A                    ?_main 0020  
        __end_of___lldiv 0253                    _T2CON 0012          __end_of___lwdiv 0377  
                  i1l106 02AA                    i1l115 02E2          __end_of___lwmod 03EF  
                  _RCREG 001A                    _RCSTA 0018                    _SPBRG 0099  
                  _PORTA 0005                    _PORTB 0006                    _PORTC 0007  
                  _TRISA 0085                    _TRISB 0086                    _TRISC 0087  
                  _TXREG 0019                    _TXSTA 0098             ?_init_timer0 0020  
    ___lmul@multiplicand 002C         __end_of_STEP_SEQ 0446                    atoi@n 002F  
                  btemp0 007E                    btemp1 007F                    atoi@s 002A  
          process_cmd@mv 0060                    pclath 000A                    status 0003  
                  wtemp0 007E          __initialization 0011             __end_of_atoi 01ED  
           __end_of_main 017A           fan_set_pct@pct 0033                   ??_atoi 002C  
                 ??_main 006C                   _ADCON0 001F                   _ADCON1 009F  
                 _ADRESH 001E                   _ADRESL 009E                   _CCPR1L 0015  
       __end_of_adc_read 043C                   u110_20 02C2                   u110_21 02C1  
                 u111_20 02C7                   u111_21 02C6                   i1l1270 02B2  
                 u112_20 02CC                   i1l1280 02C7                   i1l1272 02B4  
                 i1l1264 02A1                   u112_21 02CB                   i1l1290 02E0  
                 i1l1282 02CC                   i1l1274 02B6                   i1l1266 02A5  
                 i1l1284 02CF                   i1l1276 02BC                   i1l1268 02AE  
                 i1l1286 02D4                   i1l1278 02C2                   i1l1288 02DA  
                 u113_20 02D4                   u113_21 02D3                   u114_20 02DA  
                 u106_20 02A5                   u114_21 02D9                   u106_21 02A4  
                 u107_20 02AE                   u107_21 02AD                   u108_20 02B2  
                 u108_21 02B1                   u109_20 02BC                   u109_21 02BB  
                 ___lmul 02EB                   ___wmul 03EF                ??___lldiv 003D  
              ??___lwdiv 0000                ??___lwmod 0000         __end_of_init_adc 04BA  
       __end_of_init_pwm 049C           process_cmd@len 0068           process_cmd@pct 0069  
                 ltemp0a 0080                   saved_w 007E                   ttemp0a 007F  
                 wtemp0a 007F             ?_process_cmd 0020  __end_of__initialization 001E  
         __pcstackCOMMON 0000          fan_set_pct@duty 0034               __pbssBANK0 006D  
             __pbssBANK1 00A0               adc_read@ch 0027               __pmaintext 0107  
                ?___lmul 0028                  ?___wmul 0024               __pintentry 0004  
                _CCP1CON 0017           ___lmul@product 0031                ?_adc_read 0024  
             __stringtab 043C                ?_init_adc 0020                ?_init_pwm 0020  
                ___lldiv 01ED                  ___lwdiv 0333                  ___lwmod 03B5  
                _cmd_buf 00A0                  _cmd_len 006F               _init_ports 0477  
             ??_adc_read 0026                  __ptext1 0021                  __ptext2 0253  
                __ptext3 03B5                  __ptext4 045D                  __ptext5 04A7  
                __ptext6 0377                  __ptext7 0333                  __ptext8 017A  
                __ptext9 03EF        __end_of_init_uart 04A7                  atoi@neg 002E  
                clrloop0 04BB     end_of_initialization 001E               ??_init_adc 0000  
             ??_init_pwm 0000            ??_fan_set_pct 0031          ___lldiv@divisor 0035  
      __end_of_uart_putc 04B1        __end_of_uart_puts 0477        __end_of_uart_putu 02A1  
        ___lldiv@counter 0042                _RCSTAbits 0018               _step_count 006D  
         __end_of___lmul 0333      __end_of_fan_set_pct 03B5           __end_of___wmul 0416  
            ?_init_ports 0020      start_initialization 0011              __end_of_isr 02EB  
               ??___lmul 0030                 ??___wmul 0000            ??_init_timer0 0000  
              ___latbits 0001            __pcstackBANK0 0020              _fan_set_pct 0377  
       ___lwdiv@dividend 002C                _cmd_ready 0070                 ?___lldiv 0035  
               ?___lwdiv 002A                 ?___lwmod 0024                __pstrings 043C  
       ___lwdiv@quotient 002E                _init_uart 049C      __end_of_init_timer0 0490  
      interrupt_function 0004           ___wmul@product 0028                clear_ram0 04BA  
               _PIE1bits 008C                 _PIR1bits 000C                _uart_putc 04A7  
              _uart_puts 045D                _uart_putu 0253               uart_putc@c 0024  
               _STEP_SEQ 0442               uart_putu@i 0039               uart_puts@s 0025  
             uart_putu@v 0031               _ADCON0bits 001F              __stringbase 0441  
      ___wmul@multiplier 0024                _step_tick 0072               ?_init_uart 0020  
      ___lmul@multiplier 0028            ??_process_cmd 0043               ?_uart_putc 0020  
             ?_uart_puts 0025               ?_uart_putu 0031             ??_init_ports 0000  
     __end_of__stringtab 0442                 _adc_read 0416              _init_timer0 0484  
        ___lwdiv@divisor 002A          ___lwdiv@counter 0030                 __ptext10 0416  
               __ptext11 02EB                 __ptext12 01ED                 __ptext13 049C  
               __ptext14 0484                 __ptext15 0490                 __ptext16 0477  
               __ptext17 04B1                 __ptext18 02A1                 _init_adc 04B1  
               _init_pwm 0490       __end_of_init_ports 0484      __end_of_process_cmd 0107  
               _step_idx 0071         process_cmd@i_278 006B         process_cmd@local 0048  
             _INTCONbits 000B              ??_init_uart 0000                 intlevel1 0000  
       ___lwmod@dividend 0026         ___lldiv@dividend 0039             ?_fan_set_pct 0020  
              stringcode 043C              ??_uart_putc 0000              ??_uart_puts 0000  
            ??_uart_putu 0000               _OPTION_REG 0081         ___lldiv@quotient 003E  
        ___lwmod@divisor 0024          ___lwmod@counter 0028                 stringdir 043C  
               stringtab 043C              _process_cmd 0021             uart_putu@buf 0033  
